ago 11 18:08:52 localhost kernel: Linux version 7.2.0-rc7-intelcam-geffb39a5b9a0 (nicfio@CHUWI) (gcc (Debian 14.2.0-19) 14.2.0, GNU ld (GNU Binutils for Debian) 2.44) #3 SMP PREEMPT_DYNAMIC Tue Aug 11 15:18:17 CEST 2026
ago 11 18:08:52 localhost kernel: Command line: vmlinuz-intelcam root=PARTUUID=dc363afc-02 rw
ago 11 18:08:52 localhost kernel: x86/CPU: Running old microcode
ago 11 18:08:52 localhost kernel: x86/split lock detection: #AC: crashing the kernel on kernel split_locks and warning on user-space split_locks
ago 11 18:08:52 localhost kernel: BIOS-provided physical RAM map:
ago 11 18:08:52 localhost kernel: BIOS-e820: [mem 0x0000000000000000-0x000000000009dfff]  System RAM
ago 11 18:08:52 localhost kernel: BIOS-e820: [mem 0x000000000009e000-0x000000000009efff]  device reserved
ago 11 18:08:52 localhost kernel: BIOS-e820: [mem 0x000000000009f000-0x000000000009ffff]  System RAM
ago 11 18:08:52 localhost kernel: BIOS-e820: [mem 0x00000000000a0000-0x00000000000fffff]  device reserved
ago 11 18:08:52 localhost kernel: BIOS-e820: [mem 0x0000000000100000-0x000000003f527fff]  System RAM
ago 11 18:08:52 localhost kernel: BIOS-e820: [mem 0x000000003f528000-0x000000003f528fff]  device reserved
ago 11 18:08:52 localhost kernel: BIOS-e820: [mem 0x000000003f529000-0x0000000040192fff]  System RAM
ago 11 18:08:52 localhost kernel: BIOS-e820: [mem 0x0000000040193000-0x0000000040193fff]  device reserved
ago 11 18:08:52 localhost kernel: BIOS-e820: [mem 0x0000000040194000-0x000000007264dfff]  System RAM
ago 11 18:08:52 localhost kernel: BIOS-e820: [mem 0x000000007264e000-0x000000007574dfff]  device reserved
ago 11 18:08:52 localhost kernel: BIOS-e820: [mem 0x000000007574e000-0x0000000075821fff]  ACPI data
ago 11 18:08:52 localhost kernel: BIOS-e820: [mem 0x0000000075822000-0x00000000758e1fff]  ACPI NVS
ago 11 18:08:52 localhost kernel: BIOS-e820: [mem 0x00000000758e2000-0x0000000075ffefff]  device reserved
ago 11 18:08:52 localhost kernel: BIOS-e820: [mem 0x0000000075fff000-0x0000000075ffffff]  System RAM
ago 11 18:08:52 localhost kernel: BIOS-e820: [mem 0x0000000076000000-0x0000000079ffffff]  device reserved
ago 11 18:08:52 localhost kernel: BIOS-e820: [gap 0x000000007a000000-0x000000007a9fffff]
ago 11 18:08:52 localhost kernel: BIOS-e820: [mem 0x000000007aa00000-0x000000007abfffff]  device reserved
ago 11 18:08:52 localhost kernel: BIOS-e820: [gap 0x000000007ac00000-0x000000007affffff]
ago 11 18:08:52 localhost kernel: BIOS-e820: [mem 0x000000007b000000-0x00000000803fffff]  device reserved
ago 11 18:08:52 localhost kernel: BIOS-e820: [gap 0x0000000080400000-0x00000000bfffffff]
ago 11 18:08:52 localhost kernel: BIOS-e820: [mem 0x00000000c0000000-0x00000000cfffffff]  device reserved
ago 11 18:08:52 localhost kernel: BIOS-e820: [gap 0x00000000d0000000-0x00000000fdffffff]
ago 11 18:08:52 localhost kernel: BIOS-e820: [mem 0x00000000fe000000-0x00000000fe010fff]  device reserved
ago 11 18:08:52 localhost kernel: BIOS-e820: [gap 0x00000000fe011000-0x00000000febfffff]
ago 11 18:08:52 localhost kernel: BIOS-e820: [mem 0x00000000fec00000-0x00000000fec00fff]  device reserved
ago 11 18:08:52 localhost kernel: BIOS-e820: [gap 0x00000000fec01000-0x00000000fecfffff]
ago 11 18:08:52 localhost kernel: BIOS-e820: [mem 0x00000000fed00000-0x00000000fed00fff]  device reserved
ago 11 18:08:52 localhost kernel: BIOS-e820: [gap 0x00000000fed01000-0x00000000fed1ffff]
ago 11 18:08:52 localhost kernel: BIOS-e820: [mem 0x00000000fed20000-0x00000000fed7ffff]  device reserved
ago 11 18:08:52 localhost kernel: BIOS-e820: [gap 0x00000000fed80000-0x00000000fedfffff]
ago 11 18:08:52 localhost kernel: BIOS-e820: [mem 0x00000000fee00000-0x00000000fee00fff]  device reserved
ago 11 18:08:52 localhost kernel: BIOS-e820: [gap 0x00000000fee01000-0x00000000feffffff]
ago 11 18:08:52 localhost kernel: BIOS-e820: [mem 0x00000000ff000000-0x00000000ffffffff]  device reserved
ago 11 18:08:52 localhost kernel: BIOS-e820: [mem 0x0000000100000000-0x000000027fbfffff]  System RAM
ago 11 18:08:52 localhost kernel: NX (Execute Disable) protection: active
ago 11 18:08:52 localhost kernel: APIC: Static calls initialized
ago 11 18:08:52 localhost kernel: efi: EFI v2.8 by American Megatrends
ago 11 18:08:52 localhost kernel: efi: ACPI=0x75821000 ACPI 2.0=0x75821014 TPMFinalLog=0x7588f000 SMBIOS=0x75d9d000 SMBIOS 3.0=0x75d9c000 MEMATTR=0x6e795318 ESRT=0x6e976418 TPMEventLog=0x75777018 
ago 11 18:08:52 localhost kernel: efi: Remove mem70: MMIO range=[0xc0000000-0xcfffffff] (256MB) from e820 map
ago 11 18:08:52 localhost kernel: e820: remove [mem 0xc0000000-0xcfffffff] device reserved
ago 11 18:08:52 localhost kernel: efi: Not removing mem71: MMIO range=[0xfe000000-0xfe010fff] (68KB) from e820 map
ago 11 18:08:52 localhost kernel: efi: Not removing mem72: MMIO range=[0xfec00000-0xfec00fff] (4KB) from e820 map
ago 11 18:08:52 localhost kernel: efi: Not removing mem73: MMIO range=[0xfed00000-0xfed00fff] (4KB) from e820 map
ago 11 18:08:52 localhost kernel: efi: Not removing mem75: MMIO range=[0xfee00000-0xfee00fff] (4KB) from e820 map
ago 11 18:08:52 localhost kernel: efi: Remove mem76: MMIO range=[0xff000000-0xffffffff] (16MB) from e820 map
ago 11 18:08:52 localhost kernel: e820: remove [mem 0xff000000-0xffffffff] device reserved
ago 11 18:08:52 localhost kernel: DMI: SMBIOS 3.5.0 present.
ago 11 18:08:52 localhost kernel: DMI: CHUWI Innovation And Technology(ShenZhen)co.,Ltd Hi10 X1/Default string, BIOS SA10C.N1195.24071902.014 09/20/2024
ago 11 18:08:52 localhost kernel: DMI: Memory slots populated: 4/8
ago 11 18:08:52 localhost kernel: tsc: Detected 800.000 MHz processor
ago 11 18:08:52 localhost kernel: tsc: Detected 806.400 MHz TSC
ago 11 18:08:52 localhost kernel: e820: update [mem 0x00000000-0x00000fff] System RAM ==> device reserved
ago 11 18:08:52 localhost kernel: e820: remove [mem 0x000a0000-0x000fffff] System RAM
ago 11 18:08:52 localhost kernel: last_pfn = 0x27fc00 max_arch_pfn = 0x400000000
ago 11 18:08:52 localhost kernel: MTRR map: 5 entries (3 fixed + 2 variable; max 23), built from 10 variable MTRRs
ago 11 18:08:52 localhost kernel: x86/PAT: Configuration [0-7]: WB  WC  UC- UC  WB  WP  UC- WT  
ago 11 18:08:52 localhost kernel: last_pfn = 0x76000 max_arch_pfn = 0x400000000
ago 11 18:08:52 localhost kernel: esrt: Reserving ESRT space from 0x000000006e976418 to 0x000000006e9764c8.
ago 11 18:08:52 localhost kernel: e820: update [mem 0x6e976000-0x6e976fff] System RAM ==> device reserved
ago 11 18:08:52 localhost kernel: Using GB pages for direct mapping
ago 11 18:08:52 localhost kernel: Incomplete global flushes, disabling PCID
ago 11 18:08:52 localhost kernel: Secure boot disabled
ago 11 18:08:52 localhost kernel: ACPI: Early table checksum verification disabled
ago 11 18:08:52 localhost kernel: ACPI: RSDP 0x0000000075821014 000024 (v02 ALASKA)
ago 11 18:08:52 localhost kernel: ACPI: XSDT 0x0000000075820728 00011C (v01 ALASKA A M I    01072009 AMI  01000013)
ago 11 18:08:52 localhost kernel: ACPI: FACP 0x000000007581D000 000114 (v06 ALASKA A M I    01072009 AMI  01000013)
ago 11 18:08:52 localhost kernel: ACPI: DSDT 0x00000000757AA000 072B07 (v02 ALASKA A M I    01072009 INTL 20200717)
ago 11 18:08:52 localhost kernel: ACPI: FACS 0x00000000758E1000 000040
ago 11 18:08:52 localhost kernel: ACPI: SSDT 0x000000007581E000 001459 (v02 DptfTb DptfTabl 00001000 INTL 20200717)
ago 11 18:08:52 localhost kernel: ACPI: FIDT 0x00000000757A9000 00009C (v01 ALASKA A M I    01072009 AMI  00010013)
ago 11 18:08:52 localhost kernel: ACPI: MSDM 0x00000000757A8000 000055 (v03 ALASKA A M I    01072009 AMI  01000013)
ago 11 18:08:52 localhost kernel: ACPI: SSDT 0x00000000757A7000 00038C (v02 PmaxDv Pmax_Dev 00000001 INTL 20200717)
ago 11 18:08:52 localhost kernel: ACPI: SSDT 0x00000000757A1000 005D0B (v02 CpuRef CpuSsdt  00003000 INTL 20200717)
ago 11 18:08:52 localhost kernel: ACPI: SSDT 0x000000007579E000 002AA1 (v02 SaSsdt SaSsdt   00003000 INTL 20200717)
ago 11 18:08:52 localhost kernel: ACPI: SSDT 0x000000007579A000 0033D3 (v02 INTEL  IgfxSsdt 00003000 INTL 20200717)
ago 11 18:08:52 localhost kernel: ACPI: SSDT 0x0000000075799000 000150 (v02 INTEL  IpuSsdt  00001000 INTL 20200717)
ago 11 18:08:52 localhost kernel: ACPI: HPET 0x0000000075798000 000038 (v01 ALASKA A M I    01072009 AMI  01000013)
ago 11 18:08:52 localhost kernel: ACPI: APIC 0x0000000075797000 0001DC (v05 ALASKA A M I    01072009 AMI  01000013)
ago 11 18:08:52 localhost kernel: ACPI: MCFG 0x0000000075796000 00003C (v01 ALASKA A M I    01072009 AMI  01000013)
ago 11 18:08:52 localhost kernel: ACPI: SSDT 0x0000000075794000 001F47 (v02 ALASKA Ther_Rvp 00001000 INTL 20200717)
ago 11 18:08:52 localhost kernel: ACPI: UEFI 0x0000000075875000 000048 (v01 ALASKA A M I    01072009 AMI  01000013)
ago 11 18:08:52 localhost kernel: ACPI: NHLT 0x0000000075793000 00002D (v00 ALASKA A M I    01072009 AMI  01000013)
ago 11 18:08:52 localhost kernel: ACPI: LPIT 0x0000000075792000 0000CC (v01 ALASKA A M I    01072009 AMI  01000013)
ago 11 18:08:52 localhost kernel: ACPI: SSDT 0x000000007578E000 002A83 (v02 ALASKA PtidDevc 00001000 INTL 20200717)
ago 11 18:08:52 localhost kernel: ACPI: SSDT 0x000000007578B000 002357 (v02 ALASKA TbtTypeC 00000000 INTL 20200717)
ago 11 18:08:52 localhost kernel: ACPI: DBGP 0x000000007578A000 000034 (v01 ALASKA A M I    01072009 AMI  01000013)
ago 11 18:08:52 localhost kernel: ACPI: DBG2 0x0000000075789000 000054 (v00 ALASKA A M I    01072009 AMI  01000013)
ago 11 18:08:52 localhost kernel: ACPI: SSDT 0x0000000075787000 0014CC (v02 ALASKA UsbCTabl 00001000 INTL 20200717)
ago 11 18:08:52 localhost kernel: ACPI: DMAR 0x0000000075786000 0000A0 (v02 INTEL  EDK2     00000002      01000013)
ago 11 18:08:52 localhost kernel: ACPI: SSDT 0x0000000075785000 0006B7 (v02 INTEL  xh_adl_N 00000000 INTL 20200717)
ago 11 18:08:52 localhost kernel: ACPI: SSDT 0x0000000075781000 003AEA (v02 SocGpe SocGpe   00003000 INTL 20200717)
ago 11 18:08:52 localhost kernel: ACPI: SSDT 0x000000007577D000 0039DA (v02 SocCmn SocCmn   00003000 INTL 20200717)
ago 11 18:08:52 localhost kernel: ACPI: SSDT 0x000000007577C000 000144 (v02 Intel  ADebTabl 00001000 INTL 20200717)
ago 11 18:08:52 localhost kernel: ACPI: TPM2 0x000000007577A000 00004C (v04 ALASKA A M I    00000001 AMI  00000000)
ago 11 18:08:52 localhost kernel: ACPI: PHAT 0x0000000075779000 0005F1 (v01 ALASKA A M I    00000005 MSFT 0100000D)
ago 11 18:08:52 localhost kernel: ACPI: WSMT 0x0000000075791000 000028 (v01 ALASKA A M I    01072009 AMI  00010013)
ago 11 18:08:52 localhost kernel: ACPI: FPDT 0x0000000075778000 000044 (v01 ALASKA A M I    01072009 AMI  01000013)
ago 11 18:08:52 localhost kernel: ACPI: BGRT 0x000000007577B000 000038 (v01 ALASKA A M I    01072009 AMI  00010013)
ago 11 18:08:52 localhost kernel: ACPI: Reserving FACP table memory at [mem 0x7581d000-0x7581d113]
ago 11 18:08:52 localhost kernel: ACPI: Reserving DSDT table memory at [mem 0x757aa000-0x7581cb06]
ago 11 18:08:52 localhost kernel: ACPI: Reserving FACS table memory at [mem 0x758e1000-0x758e103f]
ago 11 18:08:52 localhost kernel: ACPI: Reserving SSDT table memory at [mem 0x7581e000-0x7581f458]
ago 11 18:08:52 localhost kernel: ACPI: Reserving FIDT table memory at [mem 0x757a9000-0x757a909b]
ago 11 18:08:52 localhost kernel: ACPI: Reserving MSDM table memory at [mem 0x757a8000-0x757a8054]
ago 11 18:08:52 localhost kernel: ACPI: Reserving SSDT table memory at [mem 0x757a7000-0x757a738b]
ago 11 18:08:52 localhost kernel: ACPI: Reserving SSDT table memory at [mem 0x757a1000-0x757a6d0a]
ago 11 18:08:52 localhost kernel: ACPI: Reserving SSDT table memory at [mem 0x7579e000-0x757a0aa0]
ago 11 18:08:52 localhost kernel: ACPI: Reserving SSDT table memory at [mem 0x7579a000-0x7579d3d2]
ago 11 18:08:52 localhost kernel: ACPI: Reserving SSDT table memory at [mem 0x75799000-0x7579914f]
ago 11 18:08:52 localhost kernel: ACPI: Reserving HPET table memory at [mem 0x75798000-0x75798037]
ago 11 18:08:52 localhost kernel: ACPI: Reserving APIC table memory at [mem 0x75797000-0x757971db]
ago 11 18:08:52 localhost kernel: ACPI: Reserving MCFG table memory at [mem 0x75796000-0x7579603b]
ago 11 18:08:52 localhost kernel: ACPI: Reserving SSDT table memory at [mem 0x75794000-0x75795f46]
ago 11 18:08:52 localhost kernel: ACPI: Reserving UEFI table memory at [mem 0x75875000-0x75875047]
ago 11 18:08:52 localhost kernel: ACPI: Reserving NHLT table memory at [mem 0x75793000-0x7579302c]
ago 11 18:08:52 localhost kernel: ACPI: Reserving LPIT table memory at [mem 0x75792000-0x757920cb]
ago 11 18:08:52 localhost kernel: ACPI: Reserving SSDT table memory at [mem 0x7578e000-0x75790a82]
ago 11 18:08:52 localhost kernel: ACPI: Reserving SSDT table memory at [mem 0x7578b000-0x7578d356]
ago 11 18:08:52 localhost kernel: ACPI: Reserving DBGP table memory at [mem 0x7578a000-0x7578a033]
ago 11 18:08:52 localhost kernel: ACPI: Reserving DBG2 table memory at [mem 0x75789000-0x75789053]
ago 11 18:08:52 localhost kernel: ACPI: Reserving SSDT table memory at [mem 0x75787000-0x757884cb]
ago 11 18:08:52 localhost kernel: ACPI: Reserving DMAR table memory at [mem 0x75786000-0x7578609f]
ago 11 18:08:52 localhost kernel: ACPI: Reserving SSDT table memory at [mem 0x75785000-0x757856b6]
ago 11 18:08:52 localhost kernel: ACPI: Reserving SSDT table memory at [mem 0x75781000-0x75784ae9]
ago 11 18:08:52 localhost kernel: ACPI: Reserving SSDT table memory at [mem 0x7577d000-0x757809d9]
ago 11 18:08:52 localhost kernel: ACPI: Reserving SSDT table memory at [mem 0x7577c000-0x7577c143]
ago 11 18:08:52 localhost kernel: ACPI: Reserving TPM2 table memory at [mem 0x7577a000-0x7577a04b]
ago 11 18:08:52 localhost kernel: ACPI: Reserving PHAT table memory at [mem 0x75779000-0x757795f0]
ago 11 18:08:52 localhost kernel: ACPI: Reserving WSMT table memory at [mem 0x75791000-0x75791027]
ago 11 18:08:52 localhost kernel: ACPI: Reserving FPDT table memory at [mem 0x75778000-0x75778043]
ago 11 18:08:52 localhost kernel: ACPI: Reserving BGRT table memory at [mem 0x7577b000-0x7577b037]
ago 11 18:08:52 localhost kernel: No NUMA configuration found
ago 11 18:08:52 localhost kernel: Faking a node at [mem 0x0000000000000000-0x000000027fbfffff]
ago 11 18:08:52 localhost kernel: NODE_DATA(0) allocated [mem 0x27fbfc680-0x27fbfffff]
ago 11 18:08:52 localhost kernel: Reserving Intel graphics memory at [mem 0x7c800000-0x803fffff]
ago 11 18:08:52 localhost kernel: ACPI: PM-Timer IO Port: 0x1808
ago 11 18:08:52 localhost kernel: ACPI: LAPIC_NMI (acpi_id[0x01] high edge lint[0x1])
ago 11 18:08:52 localhost kernel: ACPI: LAPIC_NMI (acpi_id[0x02] high edge lint[0x1])
ago 11 18:08:52 localhost kernel: ACPI: LAPIC_NMI (acpi_id[0x03] high edge lint[0x1])
ago 11 18:08:52 localhost kernel: ACPI: LAPIC_NMI (acpi_id[0x04] high edge lint[0x1])
ago 11 18:08:52 localhost kernel: ACPI: LAPIC_NMI (acpi_id[0x05] high edge lint[0x1])
ago 11 18:08:52 localhost kernel: ACPI: LAPIC_NMI (acpi_id[0x06] high edge lint[0x1])
ago 11 18:08:52 localhost kernel: ACPI: LAPIC_NMI (acpi_id[0x07] high edge lint[0x1])
ago 11 18:08:52 localhost kernel: ACPI: LAPIC_NMI (acpi_id[0x08] high edge lint[0x1])
ago 11 18:08:52 localhost kernel: ACPI: LAPIC_NMI (acpi_id[0x09] high edge lint[0x1])
ago 11 18:08:52 localhost kernel: ACPI: LAPIC_NMI (acpi_id[0x0a] high edge lint[0x1])
ago 11 18:08:52 localhost kernel: ACPI: LAPIC_NMI (acpi_id[0x0b] high edge lint[0x1])
ago 11 18:08:52 localhost kernel: ACPI: LAPIC_NMI (acpi_id[0x0c] high edge lint[0x1])
ago 11 18:08:52 localhost kernel: ACPI: LAPIC_NMI (acpi_id[0x0d] high edge lint[0x1])
ago 11 18:08:52 localhost kernel: ACPI: LAPIC_NMI (acpi_id[0x0e] high edge lint[0x1])
ago 11 18:08:52 localhost kernel: ACPI: LAPIC_NMI (acpi_id[0x0f] high edge lint[0x1])
ago 11 18:08:52 localhost kernel: ACPI: LAPIC_NMI (acpi_id[0x10] high edge lint[0x1])
ago 11 18:08:52 localhost kernel: ACPI: LAPIC_NMI (acpi_id[0x11] high edge lint[0x1])
ago 11 18:08:52 localhost kernel: ACPI: LAPIC_NMI (acpi_id[0x12] high edge lint[0x1])
ago 11 18:08:52 localhost kernel: ACPI: LAPIC_NMI (acpi_id[0x13] high edge lint[0x1])
ago 11 18:08:52 localhost kernel: ACPI: LAPIC_NMI (acpi_id[0x14] high edge lint[0x1])
ago 11 18:08:52 localhost kernel: ACPI: LAPIC_NMI (acpi_id[0x15] high edge lint[0x1])
ago 11 18:08:52 localhost kernel: ACPI: LAPIC_NMI (acpi_id[0x16] high edge lint[0x1])
ago 11 18:08:52 localhost kernel: ACPI: LAPIC_NMI (acpi_id[0x17] high edge lint[0x1])
ago 11 18:08:52 localhost kernel: ACPI: LAPIC_NMI (acpi_id[0x00] high edge lint[0x1])
ago 11 18:08:52 localhost kernel: IOAPIC[0]: apic_id 2, version 32, address 0xfec00000, GSI 0-119
ago 11 18:08:52 localhost kernel: ACPI: INT_SRC_OVR (bus 0 bus_irq 0 global_irq 2 dfl dfl)
ago 11 18:08:52 localhost kernel: ACPI: INT_SRC_OVR (bus 0 bus_irq 9 global_irq 9 high level)
ago 11 18:08:52 localhost kernel: ACPI: Using ACPI (MADT) for SMP configuration information
ago 11 18:08:52 localhost kernel: ACPI: HPET id: 0x8086a201 base: 0xfed00000
ago 11 18:08:52 localhost kernel: e820: update [mem 0x6a044000-0x6a332fff] System RAM ==> device reserved
ago 11 18:08:52 localhost kernel: TSC deadline timer available
ago 11 18:08:52 localhost kernel: CPU topo: Max. logical packages:   1
ago 11 18:08:52 localhost kernel: CPU topo: Max. logical nodes:      1
ago 11 18:08:52 localhost kernel: CPU topo: Num. nodes per package:  1
ago 11 18:08:52 localhost kernel: CPU topo: Max. logical dies:       1
ago 11 18:08:52 localhost kernel: CPU topo: Max. dies per package:   1
ago 11 18:08:52 localhost kernel: CPU topo: Max. threads per core:   1
ago 11 18:08:52 localhost kernel: CPU topo: Num. cores per package:     4
ago 11 18:08:52 localhost kernel: CPU topo: Num. threads per package:   4
ago 11 18:08:52 localhost kernel: CPU topo: Allowing 4 present CPUs plus 0 hotplug CPUs
ago 11 18:08:52 localhost kernel: PM: hibernation: Registered nosave memory: [mem 0x00000000-0x00000fff]
ago 11 18:08:52 localhost kernel: PM: hibernation: Registered nosave memory: [mem 0x0009e000-0x0009efff]
ago 11 18:08:52 localhost kernel: PM: hibernation: Registered nosave memory: [mem 0x000a0000-0x000fffff]
ago 11 18:08:52 localhost kernel: PM: hibernation: Registered nosave memory: [mem 0x3f528000-0x3f528fff]
ago 11 18:08:52 localhost kernel: PM: hibernation: Registered nosave memory: [mem 0x40193000-0x40193fff]
ago 11 18:08:52 localhost kernel: PM: hibernation: Registered nosave memory: [mem 0x6a044000-0x6a332fff]
ago 11 18:08:52 localhost kernel: PM: hibernation: Registered nosave memory: [mem 0x6e976000-0x6e976fff]
ago 11 18:08:52 localhost kernel: PM: hibernation: Registered nosave memory: [mem 0x7264e000-0x75ffefff]
ago 11 18:08:52 localhost kernel: PM: hibernation: Registered nosave memory: [mem 0x76000000-0xffffffff]
ago 11 18:08:52 localhost kernel: [gap 0x80400000-0xfdffffff] available for PCI devices
ago 11 18:08:52 localhost kernel: Booting paravirtualized kernel on bare hardware
ago 11 18:08:52 localhost kernel: clocksource: refined-jiffies: mask: 0xffffffff max_cycles: 0xffffffff, max_idle_ns: 1910969940391419 ns
ago 11 18:08:52 localhost kernel: Zone ranges:
ago 11 18:08:52 localhost kernel:   DMA      [mem 0x0000000000001000-0x0000000000ffffff]
ago 11 18:08:52 localhost kernel:   DMA32    [mem 0x0000000001000000-0x00000000ffffffff]
ago 11 18:08:52 localhost kernel:   Normal   [mem 0x0000000100000000-0x000000027fbfffff]
ago 11 18:08:52 localhost kernel: Movable zone start for each node
ago 11 18:08:52 localhost kernel: Early memory node ranges
ago 11 18:08:52 localhost kernel:   node   0: [mem 0x0000000000001000-0x000000000009dfff]
ago 11 18:08:52 localhost kernel:   node   0: [mem 0x000000000009f000-0x000000000009ffff]
ago 11 18:08:52 localhost kernel:   node   0: [mem 0x0000000000100000-0x000000003f527fff]
ago 11 18:08:52 localhost kernel:   node   0: [mem 0x000000003f529000-0x0000000040192fff]
ago 11 18:08:52 localhost kernel:   node   0: [mem 0x0000000040194000-0x000000007264dfff]
ago 11 18:08:52 localhost kernel:   node   0: [mem 0x0000000075fff000-0x0000000075ffffff]
ago 11 18:08:52 localhost kernel:   node   0: [mem 0x0000000100000000-0x000000027fbfffff]
ago 11 18:08:52 localhost kernel: Initmem setup node 0 [mem 0x0000000000001000-0x000000027fbfffff]
ago 11 18:08:52 localhost kernel: On node 0, zone DMA: 1 pages in unavailable ranges
ago 11 18:08:52 localhost kernel: On node 0, zone DMA: 1 pages in unavailable ranges
ago 11 18:08:52 localhost kernel: On node 0, zone DMA: 96 pages in unavailable ranges
ago 11 18:08:52 localhost kernel: On node 0, zone DMA32: 1 pages in unavailable ranges
ago 11 18:08:52 localhost kernel: On node 0, zone DMA32: 1 pages in unavailable ranges
ago 11 18:08:52 localhost kernel: On node 0, zone DMA32: 14769 pages in unavailable ranges
ago 11 18:08:52 localhost kernel: On node 0, zone Normal: 8192 pages in unavailable ranges
ago 11 18:08:52 localhost kernel: On node 0, zone Normal: 1024 pages in unavailable ranges
ago 11 18:08:52 localhost kernel: setup_percpu: NR_CPUS:64 nr_cpumask_bits:4 nr_cpu_ids:4 nr_node_ids:1
ago 11 18:08:52 localhost kernel: percpu: Embedded 52 pages/cpu s176024 r8192 d28776 u524288
ago 11 18:08:52 localhost kernel: pcpu-alloc: s176024 r8192 d28776 u524288 alloc=1*2097152
ago 11 18:08:52 localhost kernel: pcpu-alloc: [0] 0 1 2 3 
ago 11 18:08:52 localhost kernel: Kernel command line: vmlinuz-intelcam root=PARTUUID=dc363afc-02 rw
ago 11 18:08:52 localhost kernel: Unknown kernel command line parameters "vmlinuz-intelcam", will be passed to user space.
ago 11 18:08:52 localhost kernel: random: crng init done
ago 11 18:08:52 localhost kernel: printk: log buffer data + meta data: 262144 + 917504 = 1179648 bytes
ago 11 18:08:52 localhost kernel: Dentry cache hash table entries: 1048576 (order: 11, 8388608 bytes, linear)
ago 11 18:08:52 localhost kernel: Inode-cache hash table entries: 524288 (order: 10, 4194304 bytes, linear)
ago 11 18:08:52 localhost kernel: software IO TLB: area num 4.
ago 11 18:08:52 localhost kernel: Fallback order for Node 0: 0 
ago 11 18:08:52 localhost kernel: Built 1 zonelists, mobility grouping on.  Total pages: 2040299
ago 11 18:08:52 localhost kernel: Policy zone: Normal
ago 11 18:08:52 localhost kernel: mem auto-init: stack:all(zero), heap alloc:off, heap free:off
ago 11 18:08:52 localhost kernel: SLUB: HWalign=64, Order=0-3, MinObjects=0, CPUs=4, Nodes=1
ago 11 18:08:52 localhost kernel: Dynamic Preempt: lazy
ago 11 18:08:52 localhost kernel: rcu: Preemptible hierarchical RCU implementation.
ago 11 18:08:52 localhost kernel: rcu:         RCU event tracing is enabled.
ago 11 18:08:52 localhost kernel: rcu:         RCU restricting CPUs from NR_CPUS=64 to nr_cpu_ids=4.
ago 11 18:08:52 localhost kernel:         Trampoline variant of Tasks RCU enabled.
ago 11 18:08:52 localhost kernel:         Tracing variant of Tasks RCU enabled.
ago 11 18:08:52 localhost kernel: rcu: RCU calculated value of scheduler-enlistment delay is 100 jiffies.
ago 11 18:08:52 localhost kernel: rcu: Adjusting geometry for rcu_fanout_leaf=16, nr_cpu_ids=4
ago 11 18:08:52 localhost kernel: RCU Tasks: Setting shift to 2 and lim to 1 rcu_task_cb_adjust=1 rcu_task_cpu_ids=4.
ago 11 18:08:52 localhost kernel: NR_IRQS: 4352, nr_irqs: 1024, preallocated irqs: 16
ago 11 18:08:52 localhost kernel: rcu: srcu_init: Setting srcu_struct sizes based on contention.
ago 11 18:08:52 localhost kernel: clocksource: jiffies: mask: 0xffffffff max_cycles: 0xffffffff, max_idle_ns: 1911260446275000 ns
ago 11 18:08:52 localhost kernel: Console: colour dummy device 80x25
ago 11 18:08:52 localhost kernel: printk: legacy console [tty0] enabled
ago 11 18:08:52 localhost kernel: ACPI: Core revision 20260408
ago 11 18:08:52 localhost kernel: hpet: HPET dysfunctional in PC10. Force disabled.
ago 11 18:08:52 localhost kernel: APIC: Switch to symmetric I/O mode setup
ago 11 18:08:52 localhost kernel: DMAR: Host address width 39
ago 11 18:08:52 localhost kernel: DMAR: DRHD base: 0x000000fed90000 flags: 0x0
ago 11 18:08:52 localhost kernel: DMAR: dmar0: reg_base_addr fed90000 ver 4:0 cap 1c0000c40660462 ecap 29a00f0505e
ago 11 18:08:52 localhost kernel: DMAR: DRHD base: 0x000000fed92000 flags: 0x0
ago 11 18:08:52 localhost kernel: DMAR: dmar1: reg_base_addr fed92000 ver 1:0 cap d2008c40660462 ecap f050da
ago 11 18:08:52 localhost kernel: DMAR: DRHD base: 0x000000fed91000 flags: 0x1
ago 11 18:08:52 localhost kernel: DMAR: dmar2: reg_base_addr fed91000 ver 5:0 cap d2008c40660462 ecap f050da
ago 11 18:08:52 localhost kernel: DMAR: RMRR base: 0x0000007c000000 end: 0x000000803fffff
ago 11 18:08:52 localhost kernel: DMAR-IR: IOAPIC id 2 under DRHD base  0xfed91000 IOMMU 2
ago 11 18:08:52 localhost kernel: DMAR-IR: HPET id 0 under DRHD base 0xfed91000
ago 11 18:08:52 localhost kernel: DMAR-IR: Queued invalidation will be enabled to support x2apic and Intr-remapping.
ago 11 18:08:52 localhost kernel: DMAR-IR: Enabled IRQ remapping in x2apic mode
ago 11 18:08:52 localhost kernel: x2apic enabled
ago 11 18:08:52 localhost kernel: APIC: Switched APIC routing to: cluster x2apic
ago 11 18:08:52 localhost kernel: clocksource: tsc-early: mask: 0xffffffffffffffff max_cycles: 0xb9fb05486c, max_idle_ns: 440795231721 ns
ago 11 18:08:52 localhost kernel: Calibrating delay loop (skipped), value calculated using timer frequency.. 1612.80 BogoMIPS (lpj=806400)
ago 11 18:08:52 localhost kernel: CPU0: Thermal monitoring enabled (TM1)
ago 11 18:08:52 localhost kernel: x86/cpu: User Mode Instruction Prevention (UMIP) activated
ago 11 18:08:52 localhost kernel: CET detected: Indirect Branch Tracking enabled
ago 11 18:08:52 localhost kernel: Last level iTLB entries: 4KB 0, 2MB 0, 4MB 0
ago 11 18:08:52 localhost kernel: Last level dTLB entries: 4KB 0, 2MB 0, 4MB 0, 1GB 0
ago 11 18:08:52 localhost kernel: process: using mwait in idle threads
ago 11 18:08:52 localhost kernel: mitigations: Enabled attack vectors: user_kernel, user_user, SMT mitigations: auto
ago 11 18:08:52 localhost kernel: Speculative Store Bypass: Mitigation: Speculative Store Bypass disabled via prctl
ago 11 18:08:52 localhost kernel: Spectre V2 : Mitigation: Enhanced / Automatic IBRS
ago 11 18:08:52 localhost kernel: Register File Data Sampling: Vulnerable: No microcode
ago 11 18:08:52 localhost kernel: VMSCAPE: Vulnerable
ago 11 18:08:52 localhost kernel: Spectre V1 : Mitigation: usercopy/swapgs barriers and __user pointer sanitization
ago 11 18:08:52 localhost kernel: Spectre V2 : Spectre v2 / PBRSB-eIBRS: Retire a single CALL on VMEXIT
ago 11 18:08:52 localhost kernel: Spectre V2 : mitigation: Enabling conditional Indirect Branch Prediction Barrier
ago 11 18:08:52 localhost kernel: x86/fpu: Supporting XSAVE feature 0x001: 'x87 floating point registers'
ago 11 18:08:52 localhost kernel: x86/fpu: Supporting XSAVE feature 0x002: 'SSE registers'
ago 11 18:08:52 localhost kernel: x86/fpu: Supporting XSAVE feature 0x004: 'AVX registers'
ago 11 18:08:52 localhost kernel: x86/fpu: Supporting XSAVE feature 0x200: 'Protection Keys User registers'
ago 11 18:08:52 localhost kernel: x86/fpu: Supporting XSAVE feature 0x800: 'Control-flow User registers'
ago 11 18:08:52 localhost kernel: x86/fpu: Supporting XSAVE feature 0x1000: 'Control-flow Kernel registers (KVM only)'
ago 11 18:08:52 localhost kernel: x86/fpu: xstate_offset[2]:  576, xstate_sizes[2]:  256
ago 11 18:08:52 localhost kernel: x86/fpu: xstate_offset[9]:  832, xstate_sizes[9]:    8
ago 11 18:08:52 localhost kernel: x86/fpu: xstate_offset[11]:  840, xstate_sizes[11]:   16
ago 11 18:08:52 localhost kernel: x86/fpu: xstate_offset[12]:  856, xstate_sizes[12]:   24
ago 11 18:08:52 localhost kernel: x86/fpu: Enabled xstate features 0x1a07, context size is 880 bytes, using 'compacted' format.
ago 11 18:08:52 localhost kernel: pid_max: default: 32768 minimum: 301
ago 11 18:08:52 localhost kernel: SELinux:  Initializing.
ago 11 18:08:52 localhost kernel: Mount-cache hash table entries: 16384 (order: 5, 131072 bytes, linear)
ago 11 18:08:52 localhost kernel: Mountpoint-cache hash table entries: 16384 (order: 5, 131072 bytes, linear)
ago 11 18:08:52 localhost kernel: VFS: Finished mounting rootfs on nullfs
ago 11 18:08:52 localhost kernel: smpboot: CPU0: Intel(R) N100 (family: 0x6, model: 0xbe, stepping: 0x0)
ago 11 18:08:52 localhost kernel: Performance Events: XSAVE Architectural LBR, PEBS fmt4+-baseline, PEBS-via-PT,  AnyThread deprecated, Gracemont events, 32-deep LBR, full-width counters, Intel PMU driver.
ago 11 18:08:52 localhost kernel: ... version:                   5
ago 11 18:08:52 localhost kernel: ... bit width:                 48
ago 11 18:08:52 localhost kernel: ... generic counters:          6
ago 11 18:08:52 localhost kernel: ... generic bitmap:            000000000000003f
ago 11 18:08:52 localhost kernel: ... fixed-purpose counters:    3
ago 11 18:08:52 localhost kernel: ... fixed-purpose bitmap:      0000000000000007
ago 11 18:08:52 localhost kernel: ... value mask:                0000ffffffffffff
ago 11 18:08:52 localhost kernel: ... max period:                00007fffffffffff
ago 11 18:08:52 localhost kernel: ... global_ctrl mask:          000000070000003f
ago 11 18:08:52 localhost kernel: signal: max sigframe size: 3632
ago 11 18:08:52 localhost kernel: Estimated ratio of average max frequency by base frequency (times 1024): 3712
ago 11 18:08:52 localhost kernel: rcu: Hierarchical SRCU implementation.
ago 11 18:08:52 localhost kernel: rcu:         Max phase no-delay instances is 400.
ago 11 18:08:52 localhost kernel: Timer migration: 1 hierarchy levels; 8 children per group; 1 crossnode level
ago 11 18:08:52 localhost kernel: smp: Bringing up secondary CPUs ...
ago 11 18:08:52 localhost kernel: smpboot: x86: Booting SMP configuration:
ago 11 18:08:52 localhost kernel: .... node  #0, CPUs:      #1 #2 #3
ago 11 18:08:52 localhost kernel: smp: Brought up 1 node, 4 CPUs
ago 11 18:08:52 localhost kernel: smpboot: Total of 4 processors activated (6451.20 BogoMIPS)
ago 11 18:08:52 localhost kernel: Memory: 7769276K/8161196K available (18804K kernel code, 2775K rwdata, 8068K rodata, 2884K init, 620K bss, 380312K reserved, 0K cma-reserved)
ago 11 18:08:52 localhost kernel: devtmpfs: initialized
ago 11 18:08:52 localhost kernel: ACPI: PM: Registering ACPI NVS region [mem 0x75822000-0x758e1fff] (786432 bytes)
ago 11 18:08:52 localhost kernel: posixtimers hash table entries: 2048 (order: 3, 32768 bytes, linear)
ago 11 18:08:52 localhost kernel: futex hash table entries: 1024 (65536 bytes on 1 NUMA nodes, total 64 KiB, linear).
ago 11 18:08:52 localhost kernel: PM: RTC time: 16:08:49, date: 2026-08-11
ago 11 18:08:52 localhost kernel: NET: Registered PF_NETLINK/PF_ROUTE protocol family
ago 11 18:08:52 localhost kernel: audit: initializing netlink subsys (disabled)
ago 11 18:08:52 localhost kernel: audit: type=2000 audit(1786464529.004:1): state=initialized audit_enabled=0 res=1
ago 11 18:08:52 localhost kernel: thermal_sys: Registered thermal governor 'step_wise'
ago 11 18:08:52 localhost kernel: cpuidle: using governor menu
ago 11 18:08:52 localhost kernel: Freeing SMP alternatives memory: 56K
ago 11 18:08:52 localhost kernel: efi: Freeing EFI boot services memory: 127076K
ago 11 18:08:52 localhost kernel: PCI: ECAM [mem 0xc0000000-0xcfffffff] (base 0xc0000000) for domain 0000 [bus 00-ff]
ago 11 18:08:52 localhost kernel: PCI: Using configuration type 1 for base access
ago 11 18:08:52 localhost kernel: kprobes: kprobe jump-optimization is enabled. All kprobes are optimized if possible.
ago 11 18:08:52 localhost kernel: HugeTLB: registered 2.00 MiB page size, pre-allocated 0 pages
ago 11 18:08:52 localhost kernel: HugeTLB: 28 KiB vmemmap can be freed for a 2.00 MiB page
ago 11 18:08:52 localhost kernel: ACPI: Added _OSI(Module Device)
ago 11 18:08:52 localhost kernel: ACPI: Added _OSI(Processor Device)
ago 11 18:08:52 localhost kernel: ACPI: Added _OSI(Processor Aggregator Device)
ago 11 18:08:52 localhost kernel: ACPI BIOS Error (bug): Could not resolve symbol [\_SB.PC00.TXHC.RHUB.SS01], AE_NOT_FOUND (20260408/dswload2-162)
ago 11 18:08:52 localhost kernel: ACPI Error: AE_NOT_FOUND, During name lookup/catalog (20260408/psobject-220)
ago 11 18:08:52 localhost kernel: ACPI: Skipping parse of AML opcode: Scope (0x0010)
ago 11 18:08:52 localhost kernel: ACPI BIOS Error (bug): Could not resolve symbol [\_SB.PC00.TXHC.RHUB.SS02], AE_NOT_FOUND (20260408/dswload2-162)
ago 11 18:08:52 localhost kernel: ACPI Error: AE_NOT_FOUND, During name lookup/catalog (20260408/psobject-220)
ago 11 18:08:52 localhost kernel: ACPI: Skipping parse of AML opcode: Scope (0x0010)
ago 11 18:08:52 localhost kernel: ACPI BIOS Error (bug): Failure creating named object [\_SB.PC00.XHCI.RHUB.HS04._UPC], AE_ALREADY_EXISTS (20260408/dswload2-326)
ago 11 18:08:52 localhost kernel: ACPI Error: AE_ALREADY_EXISTS, During name lookup/catalog (20260408/psobject-220)
ago 11 18:08:52 localhost kernel: ACPI: Skipping parse of AML opcode: Method (0x0014)
ago 11 18:08:52 localhost kernel: ACPI BIOS Error (bug): Failure creating named object [\_SB.PC00.XHCI.RHUB.HS04._PLD], AE_ALREADY_EXISTS (20260408/dswload2-326)
ago 11 18:08:52 localhost kernel: ACPI Error: AE_ALREADY_EXISTS, During name lookup/catalog (20260408/psobject-220)
ago 11 18:08:52 localhost kernel: ACPI: Skipping parse of AML opcode: Method (0x0014)
ago 11 18:08:52 localhost kernel: ACPI: 15 ACPI AML tables successfully acquired and loaded
ago 11 18:08:52 localhost kernel: ACPI: \_SB_: platform _OSC: OS support mask [002a7eee]
ago 11 18:08:52 localhost kernel: ACPI: \_SB_: platform _OSC: OS control mask [002a7eea]
ago 11 18:08:52 localhost kernel: ACPI: Dynamic OEM Table Load:
ago 11 18:08:52 localhost kernel: ACPI: SSDT 0xFFFFA40140FEC400 000394 (v02 PmRef  Cpu0Cst  00003001 INTL 20200717)
ago 11 18:08:52 localhost kernel: ACPI: Dynamic OEM Table Load:
ago 11 18:08:52 localhost kernel: ACPI: SSDT 0xFFFFA401401E5000 0001A3 (v02 PmRef  Cpu0Ist  00003000 INTL 20200717)
ago 11 18:08:52 localhost kernel: ACPI: Dynamic OEM Table Load:
ago 11 18:08:52 localhost kernel: ACPI: SSDT 0xFFFFA401401E4E00 0001AB (v02 PmRef  Cpu0Psd  00003000 INTL 20200717)
ago 11 18:08:52 localhost kernel: ACPI: Dynamic OEM Table Load:
ago 11 18:08:52 localhost kernel: ACPI: SSDT 0xFFFFA40140E46800 0004BA (v02 PmRef  Cpu0Hwp  00003000 INTL 20200717)
ago 11 18:08:52 localhost kernel: ACPI: Dynamic OEM Table Load:
ago 11 18:08:52 localhost kernel: ACPI: SSDT 0xFFFFA40140E56000 001BAF (v02 PmRef  ApIst    00003000 INTL 20200717)
ago 11 18:08:52 localhost kernel: ACPI: Dynamic OEM Table Load:
ago 11 18:08:52 localhost kernel: ACPI: SSDT 0xFFFFA40140E54000 001038 (v02 PmRef  ApHwp    00003000 INTL 20200717)
ago 11 18:08:52 localhost kernel: ACPI: Dynamic OEM Table Load:
ago 11 18:08:52 localhost kernel: ACPI: SSDT 0xFFFFA40140E52000 001349 (v02 PmRef  ApPsd    00003000 INTL 20200717)
ago 11 18:08:52 localhost kernel: ACPI: Dynamic OEM Table Load:
ago 11 18:08:52 localhost kernel: ACPI: SSDT 0xFFFFA4014014D000 000FBB (v02 PmRef  ApCst    00003000 INTL 20200717)
ago 11 18:08:52 localhost kernel: ACPI: EC: EC started
ago 11 18:08:52 localhost kernel: ACPI: EC: interrupt blocked
ago 11 18:08:52 localhost kernel: ACPI: EC: EC_CMD/EC_SC=0x66, EC_DATA=0x62
ago 11 18:08:52 localhost kernel: ACPI: \_SB_.PC00.LPCB.H_EC: Boot DSDT EC used to handle transactions
ago 11 18:08:52 localhost kernel: ACPI: Interpreter enabled
ago 11 18:08:52 localhost kernel: ACPI: PM: (supports S0 S3 S4 S5)
ago 11 18:08:52 localhost kernel: ACPI: Using IOAPIC for interrupt routing
ago 11 18:08:52 localhost kernel: PCI: Using host bridge windows from ACPI; if necessary, use "pci=nocrs" and report a bug
ago 11 18:08:52 localhost kernel: PCI: Ignoring E820 reservations for host bridge windows
ago 11 18:08:52 localhost kernel: ACPI: Enabled 7 GPEs in block 00 to 7F
ago 11 18:08:52 localhost kernel: ACPI: \_SB_.PC00.XHCI.RHUB.HS10.BTRT: New power resource
ago 11 18:08:52 localhost kernel: ACPI: \_SB_.PC00.CNVW.WRST: New power resource
ago 11 18:08:52 localhost kernel: ACPI: \_TZ_.FN00: New power resource
ago 11 18:08:52 localhost kernel: ACPI: \_TZ_.FN01: New power resource
ago 11 18:08:52 localhost kernel: ACPI: \_TZ_.FN02: New power resource
ago 11 18:08:52 localhost kernel: ACPI: \_TZ_.FN03: New power resource
ago 11 18:08:52 localhost kernel: ACPI: \_TZ_.FN04: New power resource
ago 11 18:08:52 localhost kernel: ACPI: \PIN_: New power resource
ago 11 18:08:52 localhost kernel: ACPI: PCI Root Bridge [PC00] (domain 0000 [bus 00-fe])
ago 11 18:08:52 localhost kernel: acpi PNP0A08:00: _OSC: OS supports [ExtendedConfig ASPM ClockPM Segments MSI HPX-Type3]
ago 11 18:08:52 localhost kernel: acpi PNP0A08:00: _OSC: OS now controls [PME PCIeCapability LTR]
ago 11 18:08:52 localhost kernel: PCI host bridge to bus 0000:00
ago 11 18:08:52 localhost kernel: pci_bus 0000:00: root bus resource [io  0x0000-0x0cf7 window]
ago 11 18:08:52 localhost kernel: pci_bus 0000:00: root bus resource [io  0x0d00-0xffff window]
ago 11 18:08:52 localhost kernel: pci_bus 0000:00: root bus resource [mem 0x000a0000-0x000bffff window]
ago 11 18:08:52 localhost kernel: pci_bus 0000:00: root bus resource [mem 0x000e0000-0x000fffff window]
ago 11 18:08:52 localhost kernel: pci_bus 0000:00: root bus resource [mem 0x80400000-0xbfffffff window]
ago 11 18:08:52 localhost kernel: pci_bus 0000:00: root bus resource [mem 0x4000000000-0x7fffffffff window]
ago 11 18:08:52 localhost kernel: pci_bus 0000:00: root bus resource [bus 00-fe]
ago 11 18:08:52 localhost kernel: pci 0000:00:00.0: [8086:461c] type 00 class 0x060000 conventional PCI endpoint
ago 11 18:08:52 localhost kernel: pci 0000:00:02.0: [8086:46d1] type 00 class 0x030000 PCIe Root Complex Integrated Endpoint
ago 11 18:08:52 localhost kernel: pci 0000:00:02.0: BAR 0 [mem 0x6001000000-0x6001ffffff 64bit]
ago 11 18:08:52 localhost kernel: pci 0000:00:02.0: BAR 2 [mem 0x4000000000-0x400fffffff 64bit pref]
ago 11 18:08:52 localhost kernel: pci 0000:00:02.0: BAR 4 [io  0x3000-0x303f]
ago 11 18:08:52 localhost kernel: pci 0000:00:02.0: DMAR: Skip IOMMU disabling for graphics
ago 11 18:08:52 localhost kernel: pci 0000:00:02.0: Video device with shadowed ROM at [mem 0x000c0000-0x000dffff]
ago 11 18:08:52 localhost kernel: pci 0000:00:04.0: [8086:461d] type 00 class 0x118000 conventional PCI endpoint
ago 11 18:08:52 localhost kernel: pci 0000:00:04.0: BAR 0 [mem 0x6002100000-0x600211ffff 64bit]
ago 11 18:08:52 localhost kernel: pci 0000:00:05.0: [8086:462e] type 00 class 0x048000 PCIe Root Complex Integrated Endpoint
ago 11 18:08:52 localhost kernel: pci 0000:00:05.0: BAR 0 [mem 0x6000000000-0x6000ffffff 64bit]
ago 11 18:08:52 localhost kernel: pci 0000:00:05.0: enabling Extended Tags
ago 11 18:08:52 localhost kernel: pci 0000:00:0a.0: [8086:467d] type 00 class 0x118000 PCIe Root Complex Integrated Endpoint
ago 11 18:08:52 localhost kernel: pci 0000:00:0a.0: BAR 0 [mem 0x6002140000-0x6002147fff 64bit]
ago 11 18:08:52 localhost kernel: pci 0000:00:0a.0: enabling Extended Tags
ago 11 18:08:52 localhost kernel: pci 0000:00:12.0: [8086:54fc] type 00 class 0x070000 conventional PCI endpoint
ago 11 18:08:52 localhost kernel: pci 0000:00:12.0: BAR 0 [mem 0x6002130000-0x600213ffff 64bit]
ago 11 18:08:52 localhost kernel: pci 0000:00:12.0: PME# supported from D0 D3hot
ago 11 18:08:52 localhost kernel: pci 0000:00:12.6: [8086:54fb] type 00 class 0x0c8000 conventional PCI endpoint
ago 11 18:08:52 localhost kernel: pci 0000:00:12.6: BAR 0 [mem 0x00000000-0x00000fff 64bit]
ago 11 18:08:52 localhost kernel: pci 0000:00:14.0: [8086:54ed] type 00 class 0x0c0330 conventional PCI endpoint
ago 11 18:08:52 localhost kernel: pci 0000:00:14.0: BAR 0 [mem 0x6002120000-0x600212ffff 64bit]
ago 11 18:08:52 localhost kernel: pci 0000:00:14.0: PME# supported from D3hot D3cold
ago 11 18:08:52 localhost kernel: pci 0000:00:14.2: [8086:54ef] type 00 class 0x050000 conventional PCI endpoint
ago 11 18:08:52 localhost kernel: pci 0000:00:14.2: BAR 0 [mem 0x6002150000-0x6002153fff 64bit]
ago 11 18:08:52 localhost kernel: pci 0000:00:14.2: BAR 2 [mem 0x600215c000-0x600215cfff 64bit]
ago 11 18:08:52 localhost kernel: pci 0000:00:14.3: [8086:54f0] type 00 class 0x028000 PCIe Root Complex Integrated Endpoint
ago 11 18:08:52 localhost kernel: pci 0000:00:14.3: BAR 0 [mem 0x600214c000-0x600214ffff 64bit]
ago 11 18:08:52 localhost kernel: pci 0000:00:14.3: PME# supported from D0 D3hot D3cold
ago 11 18:08:52 localhost kernel: pci 0000:00:15.0: [8086:54e8] type 00 class 0x0c8000 conventional PCI endpoint
ago 11 18:08:52 localhost kernel: pci 0000:00:15.0: BAR 0 [mem 0x00000000-0x00000fff 64bit]
ago 11 18:08:52 localhost kernel: pci 0000:00:15.1: [8086:54e9] type 00 class 0x0c8000 conventional PCI endpoint
ago 11 18:08:52 localhost kernel: pci 0000:00:15.1: BAR 0 [mem 0x00000000-0x00000fff 64bit]
ago 11 18:08:52 localhost kernel: pci 0000:00:15.2: [8086:54ea] type 00 class 0x0c8000 conventional PCI endpoint
ago 11 18:08:52 localhost kernel: pci 0000:00:15.2: BAR 0 [mem 0x00000000-0x00000fff 64bit]
ago 11 18:08:52 localhost kernel: pci 0000:00:15.3: [8086:54eb] type 00 class 0x0c8000 conventional PCI endpoint
ago 11 18:08:52 localhost kernel: pci 0000:00:15.3: BAR 0 [mem 0x00000000-0x00000fff 64bit]
ago 11 18:08:52 localhost kernel: pci 0000:00:16.0: [8086:54e0] type 00 class 0x078000 conventional PCI endpoint
ago 11 18:08:52 localhost kernel: pci 0000:00:16.0: BAR 0 [mem 0x6002157000-0x6002157fff 64bit]
ago 11 18:08:52 localhost kernel: pci 0000:00:16.0: PME# supported from D3hot
ago 11 18:08:52 localhost kernel: pci 0000:00:17.0: [8086:54d3] type 00 class 0x010601 conventional PCI endpoint
ago 11 18:08:52 localhost kernel: pci 0000:00:17.0: BAR 0 [mem 0x80400000-0x80401fff]
ago 11 18:08:52 localhost kernel: pci 0000:00:17.0: BAR 1 [mem 0x80403000-0x804030ff]
ago 11 18:08:52 localhost kernel: pci 0000:00:17.0: BAR 2 [io  0x3090-0x3097]
ago 11 18:08:52 localhost kernel: pci 0000:00:17.0: BAR 3 [io  0x3080-0x3083]
ago 11 18:08:52 localhost kernel: pci 0000:00:17.0: BAR 4 [io  0x3060-0x307f]
ago 11 18:08:52 localhost kernel: pci 0000:00:17.0: BAR 5 [mem 0x80402000-0x804027ff]
ago 11 18:08:52 localhost kernel: pci 0000:00:17.0: PME# supported from D3hot
ago 11 18:08:52 localhost kernel: pci 0000:00:19.0: [8086:54c5] type 00 class 0x0c8000 conventional PCI endpoint
ago 11 18:08:52 localhost kernel: pci 0000:00:19.0: BAR 0 [mem 0x00000000-0x00000fff 64bit]
ago 11 18:08:52 localhost kernel: pci 0000:00:19.1: [8086:54c6] type 00 class 0x0c8000 conventional PCI endpoint
ago 11 18:08:52 localhost kernel: pci 0000:00:19.1: BAR 0 [mem 0x00000000-0x00000fff 64bit]
ago 11 18:08:52 localhost kernel: pci 0000:00:1f.0: [8086:5481] type 00 class 0x060100 conventional PCI endpoint
ago 11 18:08:52 localhost kernel: pci 0000:00:1f.3: [8086:54c8] type 00 class 0x040380 conventional PCI endpoint
ago 11 18:08:52 localhost kernel: pci 0000:00:1f.3: BAR 0 [mem 0x6002148000-0x600214bfff 64bit]
ago 11 18:08:52 localhost kernel: pci 0000:00:1f.3: BAR 4 [mem 0x6002000000-0x60020fffff 64bit]
ago 11 18:08:52 localhost kernel: pci 0000:00:1f.3: PME# supported from D3hot D3cold
ago 11 18:08:52 localhost kernel: pci 0000:00:1f.4: [8086:54a3] type 00 class 0x0c0500 conventional PCI endpoint
ago 11 18:08:52 localhost kernel: pci 0000:00:1f.4: BAR 0 [mem 0x6002154000-0x60021540ff 64bit]
ago 11 18:08:52 localhost kernel: pci 0000:00:1f.4: BAR 4 [io  0xefa0-0xefbf]
ago 11 18:08:52 localhost kernel: pci 0000:00:1f.5: [8086:54a4] type 00 class 0x0c8000 conventional PCI endpoint
ago 11 18:08:52 localhost kernel: pci 0000:00:1f.5: BAR 0 [mem 0xfe010000-0xfe010fff]
ago 11 18:08:52 localhost kernel: ACPI: PCI: Interrupt link LNKA configured for IRQ 0
ago 11 18:08:52 localhost kernel: ACPI: PCI: Interrupt link LNKB configured for IRQ 1
ago 11 18:08:52 localhost kernel: ACPI: PCI: Interrupt link LNKC configured for IRQ 0
ago 11 18:08:52 localhost kernel: ACPI: PCI: Interrupt link LNKD configured for IRQ 0
ago 11 18:08:52 localhost kernel: ACPI: PCI: Interrupt link LNKE configured for IRQ 0
ago 11 18:08:52 localhost kernel: ACPI: PCI: Interrupt link LNKF configured for IRQ 0
ago 11 18:08:52 localhost kernel: ACPI: PCI: Interrupt link LNKG configured for IRQ 0
ago 11 18:08:52 localhost kernel: ACPI: PCI: Interrupt link LNKH configured for IRQ 0
ago 11 18:08:52 localhost kernel: ACPI: EC: interrupt unblocked
ago 11 18:08:52 localhost kernel: ACPI: EC: event unblocked
ago 11 18:08:52 localhost kernel: ACPI: EC: EC_CMD/EC_SC=0x66, EC_DATA=0x62
ago 11 18:08:52 localhost kernel: ACPI: EC: GPE=0x6e
ago 11 18:08:52 localhost kernel: ACPI: \_SB_.PC00.LPCB.H_EC: Boot DSDT EC initialization complete
ago 11 18:08:52 localhost kernel: ACPI: \_SB_.PC00.LPCB.H_EC: EC: Used to handle transactions and events
ago 11 18:08:52 localhost kernel: iommu: Default domain type: Translated
ago 11 18:08:52 localhost kernel: iommu: DMA domain TLB invalidation policy: lazy mode
ago 11 18:08:52 localhost kernel: SCSI subsystem initialized
ago 11 18:08:52 localhost kernel: libata version 3.00 loaded.
ago 11 18:08:52 localhost kernel: ACPI: bus type USB registered
ago 11 18:08:52 localhost kernel: usbcore: registered new interface driver usbfs
ago 11 18:08:52 localhost kernel: usbcore: registered new interface driver hub
ago 11 18:08:52 localhost kernel: usbcore: registered new device driver usb
ago 11 18:08:52 localhost kernel: mc: Linux media interface: v0.10
ago 11 18:08:52 localhost kernel: videodev: Linux video capture interface: v2.00
ago 11 18:08:52 localhost kernel: pps_core: LinuxPPS API ver. 1 registered
ago 11 18:08:52 localhost kernel: pps_core: Software ver. 5.3.6 - Copyright 2005-2007 Rodolfo Giometti <giometti@linux.it>
ago 11 18:08:52 localhost kernel: PTP clock support registered
ago 11 18:08:52 localhost kernel: efivars: Registered efivars operations
ago 11 18:08:52 localhost kernel: Advanced Linux Sound Architecture Driver Initialized.
ago 11 18:08:52 localhost kernel: NetLabel: Initializing
ago 11 18:08:52 localhost kernel: NetLabel:  domain hash size = 128
ago 11 18:08:52 localhost kernel: NetLabel:  protocols = UNLABELED CIPSOv4 CALIPSO
ago 11 18:08:52 localhost kernel: NetLabel:  unlabeled traffic allowed by default
ago 11 18:08:52 localhost kernel: PCI: Using ACPI for IRQ routing
ago 11 18:08:52 localhost kernel: PCI: pci_cache_line_size set to 64 bytes
ago 11 18:08:52 localhost kernel: pci 0000:00:1f.5: BAR 0 [mem 0xfe010000-0xfe010fff]: can't claim; no compatible bridge window
ago 11 18:08:52 localhost kernel: e820: register RAM buffer resource [mem 0x0009e000-0x0009ffff]
ago 11 18:08:52 localhost kernel: e820: register RAM buffer resource [mem 0x3f528000-0x3fffffff]
ago 11 18:08:52 localhost kernel: e820: register RAM buffer resource [mem 0x40193000-0x43ffffff]
ago 11 18:08:52 localhost kernel: e820: register RAM buffer resource [mem 0x6a044000-0x6bffffff]
ago 11 18:08:52 localhost kernel: e820: register RAM buffer resource [mem 0x6e976000-0x6fffffff]
ago 11 18:08:52 localhost kernel: e820: register RAM buffer resource [mem 0x7264e000-0x73ffffff]
ago 11 18:08:52 localhost kernel: e820: register RAM buffer resource [mem 0x76000000-0x77ffffff]
ago 11 18:08:52 localhost kernel: e820: register RAM buffer resource [mem 0x27fc00000-0x27fffffff]
ago 11 18:08:52 localhost kernel: pci 0000:00:02.0: vgaarb: setting as boot VGA device
ago 11 18:08:52 localhost kernel: pci 0000:00:02.0: vgaarb: bridge control possible
ago 11 18:08:52 localhost kernel: pci 0000:00:02.0: vgaarb: VGA device added: decodes=io+mem,owns=io+mem,locks=none
ago 11 18:08:52 localhost kernel: vgaarb: loaded
ago 11 18:08:52 localhost kernel: clocksource: Switched to clocksource tsc-early
ago 11 18:08:52 localhost kernel: VFS: Disk quotas dquot_6.6.0
ago 11 18:08:52 localhost kernel: VFS: Dquot-cache hash table entries: 512 (4096 bytes)
ago 11 18:08:52 localhost kernel: acpi PNP0C02:00: Skipped [io  0x002e-0x002f]
ago 11 18:08:52 localhost kernel: acpi PNP0C02:00: Skipped [io  0x004e-0x004f]
ago 11 18:08:52 localhost kernel: acpi PNP0C02:00: Skipped [io  0x0061]
ago 11 18:08:52 localhost kernel: acpi PNP0C02:00: Skipped [io  0x0063]
ago 11 18:08:52 localhost kernel: acpi PNP0C02:00: Skipped [io  0x0065]
ago 11 18:08:52 localhost kernel: acpi PNP0C02:00: Skipped [io  0x0067]
ago 11 18:08:52 localhost kernel: acpi PNP0C02:00: Skipped [io  0x0070]
ago 11 18:08:52 localhost kernel: acpi PNP0C02:00: Skipped [io  0x0080]
ago 11 18:08:52 localhost kernel: acpi PNP0C02:00: Skipped [io  0x0092]
ago 11 18:08:52 localhost kernel: acpi PNP0C02:00: Skipped [io  0x00b2-0x00b3]
ago 11 18:08:52 localhost kernel: acpi PNP0C02:00: Reserved [io  0x0680-0x069f]
ago 11 18:08:52 localhost kernel: acpi PNP0C02:00: Reserved [io  0x164e-0x164f]
ago 11 18:08:52 localhost kernel: acpi PNP0C02:01: Reserved [mem 0xfedc0000-0xfedc7fff]
ago 11 18:08:52 localhost kernel: acpi PNP0C02:01: Reserved [mem 0xfeda0000-0xfeda0fff]
ago 11 18:08:52 localhost kernel: acpi PNP0C02:01: Reserved [mem 0xfeda1000-0xfeda1fff]
ago 11 18:08:52 localhost kernel: acpi PNP0C02:01: Reserved [mem 0xc0000000-0xcfffffff]
ago 11 18:08:52 localhost kernel: acpi PNP0C02:01: Could not reserve [mem 0xfed20000-0xfed7ffff]
ago 11 18:08:52 localhost kernel: acpi PNP0C02:01: Could not reserve [mem 0xfed90000-0xfed93fff]
ago 11 18:08:52 localhost kernel: acpi PNP0C02:01: Could not reserve [mem 0xfed45000-0xfed8ffff]
ago 11 18:08:52 localhost kernel: acpi PNP0C02:01: Could not reserve [mem 0xfee00000-0xfeefffff]
ago 11 18:08:52 localhost kernel: acpi PNP0C02:02: Could not reserve [mem 0xfe000000-0xfe01ffff]
ago 11 18:08:52 localhost kernel: acpi PNP0C02:02: Reserved [mem 0xfe04c000-0xfe04ffff]
ago 11 18:08:52 localhost kernel: acpi PNP0C02:02: Reserved [mem 0xfe050000-0xfe0affff]
ago 11 18:08:52 localhost kernel: acpi PNP0C02:02: Reserved [mem 0xfe0d0000-0xfe0fffff]
ago 11 18:08:52 localhost kernel: acpi PNP0C02:02: Reserved [mem 0xfe200000-0xfe7fffff]
ago 11 18:08:52 localhost kernel: acpi PNP0C02:02: Reserved [mem 0xff000000-0xffffffff]
ago 11 18:08:52 localhost kernel: acpi PNP0C02:02: Could not reserve [io  0x1800-0x18fe]
ago 11 18:08:52 localhost kernel: acpi PNP0C02:02: Reserved [mem 0xfd000000-0xfd68ffff]
ago 11 18:08:52 localhost kernel: acpi PNP0C02:02: Reserved [mem 0xfd6b0000-0xfd6cffff]
ago 11 18:08:52 localhost kernel: acpi PNP0C02:02: Reserved [mem 0xfd6f0000-0xfdffffff]
ago 11 18:08:52 localhost kernel: acpi PNP0C02:03: Reserved [io  0x2000-0x20fe]
ago 11 18:08:52 localhost kernel: pnp: PnP ACPI init
ago 11 18:08:52 localhost kernel: pnp: PnP ACPI: found 1 devices
ago 11 18:08:52 localhost kernel: clocksource: acpi_pm: mask: 0xffffff max_cycles: 0xffffff, max_idle_ns: 2085701024 ns
ago 11 18:08:52 localhost kernel: NET: Registered PF_INET protocol family
ago 11 18:08:52 localhost kernel: IP idents hash table entries: 131072 (order: 8, 1048576 bytes, linear)
ago 11 18:08:52 localhost kernel: tcp_listen_portaddr_hash hash table entries: 4096 (order: 4, 65536 bytes, linear)
ago 11 18:08:52 localhost kernel: Table-perturb hash table entries: 65536 (order: 6, 262144 bytes, linear)
ago 11 18:08:52 localhost kernel: TCP established hash table entries: 65536 (order: 7, 524288 bytes, linear)
ago 11 18:08:52 localhost kernel: TCP bind hash table entries: 65536 (order: 9, 2097152 bytes, linear)
ago 11 18:08:52 localhost kernel: TCP: Hash tables configured (established 65536 bind 65536)
ago 11 18:08:52 localhost kernel: UDP hash table entries: 4096 (order: 6, 262144 bytes, linear)
ago 11 18:08:52 localhost kernel: NET: Registered PF_UNIX/PF_LOCAL protocol family
ago 11 18:08:52 localhost kernel: RPC: Registered named UNIX socket transport module.
ago 11 18:08:52 localhost kernel: RPC: Registered udp transport module.
ago 11 18:08:52 localhost kernel: RPC: Registered tcp transport module.
ago 11 18:08:52 localhost kernel: RPC: Registered tcp-with-tls transport module.
ago 11 18:08:52 localhost kernel: RPC: Registered tcp NFSv4.1 backchannel transport module.
ago 11 18:08:52 localhost kernel: pci 0000:00:12.6: BAR 0 [mem 0x4010000000-0x4010000fff 64bit]: assigned
ago 11 18:08:52 localhost kernel: pci 0000:00:15.0: BAR 0 [mem 0x4010001000-0x4010001fff 64bit]: assigned
ago 11 18:08:52 localhost kernel: pci 0000:00:15.1: BAR 0 [mem 0x4010002000-0x4010002fff 64bit]: assigned
ago 11 18:08:52 localhost kernel: pci 0000:00:15.2: BAR 0 [mem 0x4010003000-0x4010003fff 64bit]: assigned
ago 11 18:08:52 localhost kernel: pci 0000:00:15.3: BAR 0 [mem 0x4010004000-0x4010004fff 64bit]: assigned
ago 11 18:08:52 localhost kernel: pci 0000:00:19.0: BAR 0 [mem 0x4010005000-0x4010005fff 64bit]: assigned
ago 11 18:08:52 localhost kernel: pci 0000:00:19.1: BAR 0 [mem 0x4010006000-0x4010006fff 64bit]: assigned
ago 11 18:08:52 localhost kernel: pci 0000:00:1f.5: BAR 0 [mem 0x80404000-0x80404fff]: assigned
ago 11 18:08:52 localhost kernel: pci_bus 0000:00: resource 4 [io  0x0000-0x0cf7 window]
ago 11 18:08:52 localhost kernel: pci_bus 0000:00: resource 5 [io  0x0d00-0xffff window]
ago 11 18:08:52 localhost kernel: pci_bus 0000:00: resource 6 [mem 0x000a0000-0x000bffff window]
ago 11 18:08:52 localhost kernel: pci_bus 0000:00: resource 7 [mem 0x000e0000-0x000fffff window]
ago 11 18:08:52 localhost kernel: pci_bus 0000:00: resource 8 [mem 0x80400000-0xbfffffff window]
ago 11 18:08:52 localhost kernel: pci_bus 0000:00: resource 9 [mem 0x4000000000-0x7fffffffff window]
ago 11 18:08:52 localhost kernel: PCI: CLS 64 bytes, default 64
ago 11 18:08:52 localhost kernel: PCI-DMA: Using software bounce buffering for IO (SWIOTLB)
ago 11 18:08:52 localhost kernel: software IO TLB: mapped [mem 0x0000000065bc3000-0x0000000069bc3000] (64MB)
ago 11 18:08:52 localhost kernel: RAPL PMU: API unit is 2^-32 Joules, 2 fixed counters, 655360 ms ovfl timer
ago 11 18:08:52 localhost kernel: RAPL PMU: hw unit of domain pp0-core 2^-14 Joules
ago 11 18:08:52 localhost kernel: RAPL PMU: hw unit of domain package 2^-14 Joules
ago 11 18:08:52 localhost kernel: clocksource: tsc: mask: 0xffffffffffffffff max_cycles: 0xb9fb05486c, max_idle_ns: 440795231721 ns
ago 11 18:08:52 localhost kernel: clocksource: Switched to clocksource tsc
ago 11 18:08:52 localhost kernel: platform rtc_cmos: registered fallback platform RTC device
ago 11 18:08:52 localhost kernel: Initialise system trusted keyrings
ago 11 18:08:52 localhost kernel: workingset: timestamp_bits=56 (anon: 51) max_order=21 bucket_order=0 (anon: 0)
ago 11 18:08:52 localhost kernel: NFS: Registering the id_resolver key type
ago 11 18:08:52 localhost kernel: Key type id_resolver registered
ago 11 18:08:52 localhost kernel: Key type id_legacy registered
ago 11 18:08:52 localhost kernel: nfs4filelayout_init: NFSv4 File Layout Driver Registering...
ago 11 18:08:52 localhost kernel: nfs4flexfilelayout_init: NFSv4 Flexfile Layout Driver Registering...
ago 11 18:08:52 localhost kernel: 9p: Installing v9fs 9p2000 file system support
ago 11 18:08:52 localhost kernel: Key type asymmetric registered
ago 11 18:08:52 localhost kernel: Asymmetric key parser 'x509' registered
ago 11 18:08:52 localhost kernel: Block layer SCSI generic (bsg) driver version 0.4 loaded (major 249)
ago 11 18:08:52 localhost kernel: io scheduler mq-deadline registered
ago 11 18:08:52 localhost kernel: io scheduler kyber registered
ago 11 18:08:52 localhost kernel: ACPI: AC: AC Adapter [ADP1] (off-line)
ago 11 18:08:52 localhost kernel: input: Lid Switch as /devices/pci0000:00/0000:00:1f.0/PNP0C09:00/PNP0C0D:00/input/input0
ago 11 18:08:52 localhost kernel: ACPI: button: Lid Switch [LID0]
ago 11 18:08:52 localhost kernel: input: Power Button as /devices/platform/PNP0C0C:00/input/input1
ago 11 18:08:52 localhost kernel: ACPI: button: Power Button [PWRB]
ago 11 18:08:52 localhost kernel: input: Sleep Button as /devices/platform/PNP0C0E:00/input/input2
ago 11 18:08:52 localhost kernel: ACPI: button: Sleep Button [SLPB]
ago 11 18:08:52 localhost kernel: input: Power Button as /devices/platform/LNXPWRBN:00/input/input3
ago 11 18:08:52 localhost kernel: ACPI: button: Power Button [PWRF]
ago 11 18:08:52 localhost kernel: Monitor-Mwait will be used to enter C-1 state
ago 11 18:08:52 localhost kernel: Monitor-Mwait will be used to enter C-2 state
ago 11 18:08:52 localhost kernel: Monitor-Mwait will be used to enter C-3 state
ago 11 18:08:52 localhost kernel: acpi LNXTHERM:00: registered as thermal_zone0
ago 11 18:08:52 localhost kernel: ACPI: thermal: Thermal Zone [TZ00] (28 C)
ago 11 18:08:52 localhost kernel: Serial: 8250/16550 driver, 4 ports, IRQ sharing enabled
ago 11 18:08:52 localhost kernel: hpet_acpi_probe: no address or irqs in _CRS
ago 11 18:08:52 localhost kernel: Non-volatile memory driver v1.3
ago 11 18:08:52 localhost kernel: ACPI: bus type drm_connector registered
ago 11 18:08:52 localhost kernel: i915 0000:00:02.0: [drm] Found alderlake_p/alderlake_n (device ID 46d1) integrated display version 13.00 stepping D0
ago 11 18:08:52 localhost kernel: i915 0000:00:02.0: vgaarb: deactivate vga console
ago 11 18:08:52 localhost kernel: i915 0000:00:02.0: [drm] Transparent Hugepage support is recommended for optimal performance on this platform!
ago 11 18:08:52 localhost kernel: i915 0000:00:02.0: Direct firmware load for i915/adlp_dmc.bin failed with error -2
ago 11 18:08:52 localhost kernel: i915 0000:00:02.0: Direct firmware load for i915/adlp_dmc_ver2_16.bin failed with error -2
ago 11 18:08:52 localhost kernel: i915 0000:00:02.0: [drm] Failed to load DMC firmware i915/adlp_dmc.bin (-ENOENT). Disabling runtime power management.
ago 11 18:08:52 localhost kernel: i915 0000:00:02.0: [drm] DMC firmware homepage: https://git.kernel.org/pub/scm/linux/kernel/git/firmware/linux-firmware.git
ago 11 18:08:52 localhost kernel: ACPI: battery: Slot [BAT0] (battery present)
ago 11 18:08:52 localhost kernel: i915 0000:00:02.0: [drm] *ERROR* Port F/TC#3: timeout waiting for PHY ready
ago 11 18:08:52 localhost kernel: ------------[ cut here ]------------
ago 11 18:08:52 localhost kernel: i915 0000:00:02.0: [drm] drm_WARN_ON(tc->mode == TC_PORT_LEGACY)
ago 11 18:08:52 localhost kernel: WARNING: drivers/gpu/drm/i915/display/intel_tc.c:933 at adlp_tc_phy_connect+0x10b/0x1e0, CPU#2: swapper/0/1
ago 11 18:08:52 localhost kernel: Modules linked in:
ago 11 18:08:52 localhost kernel: CPU: 2 UID: 0 PID: 1 Comm: swapper/0 Tainted: G S                  7.2.0-rc7-intelcam-geffb39a5b9a0 #3 PREEMPT(lazy) 
ago 11 18:08:52 localhost kernel: Tainted: [S]=CPU_OUT_OF_SPEC
ago 11 18:08:52 localhost kernel: Hardware name: CHUWI Innovation And Technology(ShenZhen)co.,Ltd Hi10 X1/Default string, BIOS SA10C.N1195.24071902.014 09/20/2024
ago 11 18:08:52 localhost kernel: RIP: 0010:adlp_tc_phy_connect+0x115/0x1e0
ago 11 18:08:52 localhost kernel: Code: 48 8b 7f 08 4c 8b 77 50 4d 85 f6 0f 84 d7 00 00 00 e8 7f 94 0b 00 48 89 c6 48 8d 3d 55 94 2c 01 48 c7 c1 f8 ff 24 ae 4c 89 f2 <67> 48 0f b9 3a 48 8b 03 4c 8b 30 4d 85 f6 74 0b 4c 89 f7 e8 e3 39
ago 11 18:08:52 localhost kernel: RSP: 0000:ffffa6ae8006fa38 EFLAGS: 00010286
ago 11 18:08:52 localhost kernel: RAX: ffffffffae2e4942 RBX: ffffa40140fa1200 RCX: ffffffffae24fff8
ago 11 18:08:52 localhost kernel: RDX: ffffa40141327280 RSI: ffffffffae2e4942 RDI: ffffffffae6d4f50
ago 11 18:08:52 localhost kernel: RBP: ffffa40141072000 R08: 0000000000000000 R09: ffffa40141072000
ago 11 18:08:52 localhost kernel: R10: 0000000000000003 R11: 3030302035313969 R12: 0000000000000019
ago 11 18:08:52 localhost kernel: R13: 0000000000000001 R14: ffffa40141327280 R15: 0000000000000000
ago 11 18:08:52 localhost kernel: FS:  0000000000000000(0000) GS:ffffa40308bd1000(0000) knlGS:0000000000000000
ago 11 18:08:52 localhost kernel: CS:  0010 DS: 0000 ES: 0000 CR0: 0000000080050033
ago 11 18:08:52 localhost kernel: CR2: 0000000000000000 CR3: 00000001f3030000 CR4: 0000000000f50ef0
ago 11 18:08:52 localhost kernel: PKRU: 55555554
ago 11 18:08:52 localhost kernel: Call Trace:
ago 11 18:08:52 localhost kernel:  <TASK>
ago 11 18:08:52 localhost kernel:  intel_tc_port_update_mode+0x21a/0x3a0
ago 11 18:08:52 localhost kernel:  ? fwtable_read32+0x88/0x260
ago 11 18:08:52 localhost kernel:  ? intel_display_power_is_enabled+0x30/0x40
ago 11 18:08:52 localhost kernel:  intel_tc_port_init_mode+0x11c/0x280
ago 11 18:08:52 localhost kernel:  intel_tc_port_init+0x195/0x240
ago 11 18:08:52 localhost kernel:  intel_ddi_init+0xb17/0x11b0
ago 11 18:08:52 localhost kernel:  ? __pfx_intel_ddi_init+0x10/0x10
ago 11 18:08:52 localhost kernel:  intel_bios_for_each_encoder+0x33/0x50
ago 11 18:08:52 localhost kernel:  intel_setup_outputs+0x225/0xbd0
ago 11 18:08:52 localhost kernel:  intel_display_driver_probe_nogem+0xe0/0x1a0
ago 11 18:08:52 localhost kernel:  i915_driver_probe+0x404/0xab0
ago 11 18:08:52 localhost kernel:  ? __kernfs_new_node+0x18e/0x280
ago 11 18:08:52 localhost kernel:  local_pci_probe+0x39/0x80
ago 11 18:08:52 localhost kernel:  pci_device_probe+0xb2/0x1e0
ago 11 18:08:52 localhost kernel:  ? sysfs_do_create_link_sd+0x69/0xe0
ago 11 18:08:52 localhost kernel:  really_probe+0xd4/0x270
ago 11 18:08:52 localhost kernel:  ? __pfx___driver_attach+0x10/0x10
ago 11 18:08:52 localhost kernel:  ? __pfx___driver_attach+0x10/0x10
ago 11 18:08:52 localhost kernel:  __driver_probe_device+0x7e/0x110
ago 11 18:08:52 localhost kernel:  driver_probe_device+0x1a/0x80
ago 11 18:08:52 localhost kernel:  __driver_attach+0x86/0x140
ago 11 18:08:52 localhost kernel:  bus_for_each_dev+0x89/0xe0
ago 11 18:08:52 localhost kernel:  bus_add_driver+0xe3/0x1c0
ago 11 18:08:52 localhost kernel:  driver_register+0x6d/0xc0
ago 11 18:08:52 localhost kernel:  i915_init+0x21/0x80
ago 11 18:08:52 localhost kernel:  ? __pfx_i915_init+0x10/0x10
ago 11 18:08:52 localhost kernel:  do_one_initcall+0x57/0x210
ago 11 18:08:52 localhost kernel:  kernel_init_freeable+0x1d1/0x230
ago 11 18:08:52 localhost kernel:  ? __pfx_kernel_init+0x10/0x10
ago 11 18:08:52 localhost kernel:  kernel_init+0x15/0x130
ago 11 18:08:52 localhost kernel:  ret_from_fork+0x17c/0x240
ago 11 18:08:52 localhost kernel:  ? __pfx_kernel_init+0x10/0x10
ago 11 18:08:52 localhost kernel:  ret_from_fork_asm+0x1a/0x30
ago 11 18:08:52 localhost kernel:  </TASK>
ago 11 18:08:52 localhost kernel: ---[ end trace 0000000000000000 ]---
ago 11 18:08:52 localhost kernel: ------------[ cut here ]------------
ago 11 18:08:52 localhost kernel: i915 0000:00:02.0: [drm] drm_WARN_ON(val == 0xffffffff)
ago 11 18:08:52 localhost kernel: WARNING: drivers/gpu/drm/i915/display/intel_tc.c:315 at get_pin_assignment+0x1a9/0x210, CPU#2: swapper/0/1
ago 11 18:08:52 localhost kernel: Modules linked in:
ago 11 18:08:52 localhost kernel: CPU: 2 UID: 0 PID: 1 Comm: swapper/0 Tainted: G S      W           7.2.0-rc7-intelcam-geffb39a5b9a0 #3 PREEMPT(lazy) 
ago 11 18:08:52 localhost kernel: Tainted: [S]=CPU_OUT_OF_SPEC, [W]=WARN
ago 11 18:08:52 localhost kernel: Hardware name: CHUWI Innovation And Technology(ShenZhen)co.,Ltd Hi10 X1/Default string, BIOS SA10C.N1195.24071902.014 09/20/2024
ago 11 18:08:52 localhost kernel: RIP: 0010:get_pin_assignment+0x1b3/0x210
ago 11 18:08:52 localhost kernel: Code: 85 ff 74 04 48 8b 7f 08 4c 8b 6f 50 4d 85 ed 74 23 e8 91 9c 0b 00 48 89 c6 48 8d 3d f7 9b 2c 01 48 c7 c1 50 00 25 ae 4c 89 ea <67> 48 0f b9 3a e9 2f ff ff ff 4c 8b 2f eb d8 48 8b 7d 00 48 85 ff
ago 11 18:08:52 localhost kernel: RSP: 0000:ffffa6ae8006f9d8 EFLAGS: 00010286
ago 11 18:08:52 localhost kernel: RAX: ffffffffae2e4942 RBX: 00000000ffffffff RCX: ffffffffae250050
ago 11 18:08:52 localhost kernel: RDX: ffffa40141327280 RSI: ffffffffae2e4942 RDI: ffffffffae6d4ee0
ago 11 18:08:52 localhost kernel: RBP: ffffa40141072000 R08: 0000000000000000 R09: ffffffffaef58700
ago 11 18:08:52 localhost kernel: R10: 00000004f547b3a3 R11: 0000000000000016 R12: ffffa40140fa1200
ago 11 18:08:52 localhost kernel: R13: ffffa40141327280 R14: 000000000000000f R15: 000000000000000f
ago 11 18:08:52 localhost kernel: FS:  0000000000000000(0000) GS:ffffa40308bd1000(0000) knlGS:0000000000000000
ago 11 18:08:52 localhost kernel: CS:  0010 DS: 0000 ES: 0000 CR0: 0000000080050033
ago 11 18:08:52 localhost kernel: CR2: 0000000000000000 CR3: 00000001f3030000 CR4: 0000000000f50ef0
ago 11 18:08:52 localhost kernel: PKRU: 55555554
ago 11 18:08:52 localhost kernel: Call Trace:
ago 11 18:08:52 localhost kernel:  <TASK>
ago 11 18:08:52 localhost kernel:  read_pin_configuration+0xe/0x200
ago 11 18:08:52 localhost kernel:  adlp_tc_phy_connect+0x155/0x1e0
ago 11 18:08:52 localhost kernel:  intel_tc_port_update_mode+0x21a/0x3a0
ago 11 18:08:52 localhost kernel:  ? fwtable_read32+0x88/0x260
ago 11 18:08:52 localhost kernel:  ? intel_display_power_is_enabled+0x30/0x40
ago 11 18:08:52 localhost kernel:  intel_tc_port_init_mode+0x11c/0x280
ago 11 18:08:52 localhost kernel:  intel_tc_port_init+0x195/0x240
ago 11 18:08:52 localhost kernel:  intel_ddi_init+0xb17/0x11b0
ago 11 18:08:52 localhost kernel:  ? __pfx_intel_ddi_init+0x10/0x10
ago 11 18:08:52 localhost kernel:  intel_bios_for_each_encoder+0x33/0x50
ago 11 18:08:52 localhost kernel:  intel_setup_outputs+0x225/0xbd0
ago 11 18:08:52 localhost kernel:  intel_display_driver_probe_nogem+0xe0/0x1a0
ago 11 18:08:52 localhost kernel:  i915_driver_probe+0x404/0xab0
ago 11 18:08:52 localhost kernel:  ? __kernfs_new_node+0x18e/0x280
ago 11 18:08:52 localhost kernel:  local_pci_probe+0x39/0x80
ago 11 18:08:52 localhost kernel:  pci_device_probe+0xb2/0x1e0
ago 11 18:08:52 localhost kernel:  ? sysfs_do_create_link_sd+0x69/0xe0
ago 11 18:08:52 localhost kernel:  really_probe+0xd4/0x270
ago 11 18:08:52 localhost kernel:  ? __pfx___driver_attach+0x10/0x10
ago 11 18:08:52 localhost kernel:  ? __pfx___driver_attach+0x10/0x10
ago 11 18:08:52 localhost kernel:  __driver_probe_device+0x7e/0x110
ago 11 18:08:52 localhost kernel:  driver_probe_device+0x1a/0x80
ago 11 18:08:52 localhost kernel:  __driver_attach+0x86/0x140
ago 11 18:08:52 localhost kernel:  bus_for_each_dev+0x89/0xe0
ago 11 18:08:52 localhost kernel:  bus_add_driver+0xe3/0x1c0
ago 11 18:08:52 localhost kernel:  driver_register+0x6d/0xc0
ago 11 18:08:52 localhost kernel:  i915_init+0x21/0x80
ago 11 18:08:52 localhost kernel:  ? __pfx_i915_init+0x10/0x10
ago 11 18:08:52 localhost kernel:  do_one_initcall+0x57/0x210
ago 11 18:08:52 localhost kernel:  kernel_init_freeable+0x1d1/0x230
ago 11 18:08:52 localhost kernel:  ? __pfx_kernel_init+0x10/0x10
ago 11 18:08:52 localhost kernel:  kernel_init+0x15/0x130
ago 11 18:08:52 localhost kernel:  ret_from_fork+0x17c/0x240
ago 11 18:08:52 localhost kernel:  ? __pfx_kernel_init+0x10/0x10
ago 11 18:08:52 localhost kernel:  ret_from_fork_asm+0x1a/0x30
ago 11 18:08:52 localhost kernel:  </TASK>
ago 11 18:08:52 localhost kernel: ---[ end trace 0000000000000000 ]---
ago 11 18:08:52 localhost kernel: ------------[ cut here ]------------
ago 11 18:08:52 localhost kernel: Missing case (pin_assignment == 15)
ago 11 18:08:52 localhost kernel: WARNING: drivers/gpu/drm/i915/display/intel_tc.c:332 at get_pin_assignment+0x153/0x210, CPU#2: swapper/0/1
ago 11 18:08:52 localhost kernel: Modules linked in:
ago 11 18:08:52 localhost kernel: CPU: 2 UID: 0 PID: 1 Comm: swapper/0 Tainted: G S      W           7.2.0-rc7-intelcam-geffb39a5b9a0 #3 PREEMPT(lazy) 
ago 11 18:08:52 localhost kernel: Tainted: [S]=CPU_OUT_OF_SPEC, [W]=WARN
ago 11 18:08:52 localhost kernel: Hardware name: CHUWI Innovation And Technology(ShenZhen)co.,Ltd Hi10 X1/Default string, BIOS SA10C.N1195.24071902.014 09/20/2024
ago 11 18:08:52 localhost kernel: RIP: 0010:get_pin_assignment+0x15c/0x210
ago 11 18:08:52 localhost kernel: Code: 00 15 16 00 41 be 00 00 00 1e 41 bf 00 00 00 1e e9 3d ff ff ff 83 fb 06 74 c3 48 8d 3d 3d 9c 2c 01 48 c7 c6 23 0b 2e ae 89 da <67> 48 0f b9 3a 89 d8 5b 5d 41 5c 41 5d 41 5e 41 5f c3 cc cc cc cc
ago 11 18:08:52 localhost kernel: RSP: 0000:ffffa6ae8006f9d8 EFLAGS: 00010206
ago 11 18:08:52 localhost kernel: RAX: 0000000000000001 RBX: 000000000000000f RCX: 0000000000000000
ago 11 18:08:52 localhost kernel: RDX: 000000000000000f RSI: ffffffffae2e0b23 RDI: ffffffffae6d4ed0
ago 11 18:08:52 localhost kernel: RBP: ffffa40141072000 R08: 0000000000000000 R09: ffffffffaef58700
ago 11 18:08:52 localhost kernel: R10: 00000004f547b3a3 R11: 0000000000000016 R12: ffffa40140fa1200
ago 11 18:08:52 localhost kernel: R13: ffffa40141327280 R14: 000000000000000f R15: 000000000000000f
ago 11 18:08:52 localhost kernel: FS:  0000000000000000(0000) GS:ffffa40308bd1000(0000) knlGS:0000000000000000
ago 11 18:08:52 localhost kernel: CS:  0010 DS: 0000 ES: 0000 CR0: 0000000080050033
ago 11 18:08:52 localhost kernel: CR2: 0000000000000000 CR3: 00000001f3030000 CR4: 0000000000f50ef0
ago 11 18:08:52 localhost kernel: PKRU: 55555554
ago 11 18:08:52 localhost kernel: Call Trace:
ago 11 18:08:52 localhost kernel:  <TASK>
ago 11 18:08:52 localhost kernel:  read_pin_configuration+0xe/0x200
ago 11 18:08:52 localhost kernel:  adlp_tc_phy_connect+0x155/0x1e0
ago 11 18:08:52 localhost kernel:  intel_tc_port_update_mode+0x21a/0x3a0
ago 11 18:08:52 localhost kernel:  ? fwtable_read32+0x88/0x260
ago 11 18:08:52 localhost kernel:  ? intel_display_power_is_enabled+0x30/0x40
ago 11 18:08:52 localhost kernel:  intel_tc_port_init_mode+0x11c/0x280
ago 11 18:08:52 localhost kernel:  intel_tc_port_init+0x195/0x240
ago 11 18:08:52 localhost kernel:  intel_ddi_init+0xb17/0x11b0
ago 11 18:08:52 localhost kernel:  ? __pfx_intel_ddi_init+0x10/0x10
ago 11 18:08:52 localhost kernel:  intel_bios_for_each_encoder+0x33/0x50
ago 11 18:08:52 localhost kernel:  intel_setup_outputs+0x225/0xbd0
ago 11 18:08:52 localhost kernel:  intel_display_driver_probe_nogem+0xe0/0x1a0
ago 11 18:08:52 localhost kernel:  i915_driver_probe+0x404/0xab0
ago 11 18:08:52 localhost kernel:  ? __kernfs_new_node+0x18e/0x280
ago 11 18:08:52 localhost kernel:  local_pci_probe+0x39/0x80
ago 11 18:08:52 localhost kernel:  pci_device_probe+0xb2/0x1e0
ago 11 18:08:52 localhost kernel:  ? sysfs_do_create_link_sd+0x69/0xe0
ago 11 18:08:52 localhost kernel:  really_probe+0xd4/0x270
ago 11 18:08:52 localhost kernel:  ? __pfx___driver_attach+0x10/0x10
ago 11 18:08:52 localhost kernel:  ? __pfx___driver_attach+0x10/0x10
ago 11 18:08:52 localhost kernel:  __driver_probe_device+0x7e/0x110
ago 11 18:08:52 localhost kernel:  driver_probe_device+0x1a/0x80
ago 11 18:08:52 localhost kernel:  __driver_attach+0x86/0x140
ago 11 18:08:52 localhost kernel:  bus_for_each_dev+0x89/0xe0
ago 11 18:08:52 localhost kernel:  bus_add_driver+0xe3/0x1c0
ago 11 18:08:52 localhost kernel:  driver_register+0x6d/0xc0
ago 11 18:08:52 localhost kernel:  i915_init+0x21/0x80
ago 11 18:08:52 localhost kernel:  ? __pfx_i915_init+0x10/0x10
ago 11 18:08:52 localhost kernel:  do_one_initcall+0x57/0x210
ago 11 18:08:52 localhost kernel:  kernel_init_freeable+0x1d1/0x230
ago 11 18:08:52 localhost kernel:  ? __pfx_kernel_init+0x10/0x10
ago 11 18:08:52 localhost kernel:  kernel_init+0x15/0x130
ago 11 18:08:52 localhost kernel:  ret_from_fork+0x17c/0x240
ago 11 18:08:52 localhost kernel:  ? __pfx_kernel_init+0x10/0x10
ago 11 18:08:52 localhost kernel:  ret_from_fork_asm+0x1a/0x30
ago 11 18:08:52 localhost kernel:  </TASK>
ago 11 18:08:52 localhost kernel: ---[ end trace 0000000000000000 ]---
ago 11 18:08:52 localhost kernel: i915 0000:00:02.0: vgaarb: VGA decodes changed: olddecodes=io+mem,decodes=io:owns=io+mem
ago 11 18:08:52 localhost kernel: i915 0000:00:02.0: [drm] *ERROR* GT0: GuC firmware i915/tgl_guc_70.bin: fetch failed -ENOENT
ago 11 18:08:52 localhost kernel: i915 0000:00:02.0: [drm] GT0: GuC firmware(s) can be downloaded from https://git.kernel.org/pub/scm/linux/kernel/git/firmware/linux-firmware.git/tree/i915
ago 11 18:08:52 localhost kernel: i915 0000:00:02.0: [drm] GT0: GuC firmware i915/tgl_guc_70.bin version 0.0.0
ago 11 18:08:52 localhost kernel: i915 0000:00:02.0: [drm] *ERROR* GT0: GuC initialization failed -ENOENT
ago 11 18:08:52 localhost kernel: i915 0000:00:02.0: [drm] *ERROR* GT0: Enabling uc failed (-5)
ago 11 18:08:52 localhost kernel: i915 0000:00:02.0: [drm] *ERROR* GT0: Failed to initialize GPU, declaring it wedged!
ago 11 18:08:52 localhost kernel: i915 0000:00:02.0: [drm] CI tainted: 0x9 by intel_gt_init+0xad/0x2f0
ago 11 18:08:52 localhost kernel: [drm] Initialized i915 1.6.0 for 0000:00:02.0 on minor 0
ago 11 18:08:52 localhost kernel: ACPI: video: Video Device [GFX0] (multi-head: yes  rom: no  post: no)
ago 11 18:08:52 localhost kernel: input: Video Bus as /devices/pci0000:00/acpi.video_bus.0/input/input4
ago 11 18:08:52 localhost kernel: ------------[ cut here ]------------
ago 11 18:08:52 localhost kernel: i915 0000:00:02.0: [drm] drm_WARN_ON(tc->mode == TC_PORT_LEGACY)
ago 11 18:08:52 localhost kernel: WARNING: drivers/gpu/drm/i915/display/intel_tc.c:933 at adlp_tc_phy_connect+0x10b/0x1e0, CPU#2: swapper/0/1
ago 11 18:08:52 localhost kernel: Modules linked in:
ago 11 18:08:52 localhost kernel: CPU: 2 UID: 0 PID: 1 Comm: swapper/0 Tainted: G S      W           7.2.0-rc7-intelcam-geffb39a5b9a0 #3 PREEMPT(lazy) 
ago 11 18:08:52 localhost kernel: Tainted: [S]=CPU_OUT_OF_SPEC, [W]=WARN
ago 11 18:08:52 localhost kernel: Hardware name: CHUWI Innovation And Technology(ShenZhen)co.,Ltd Hi10 X1/Default string, BIOS SA10C.N1195.24071902.014 09/20/2024
ago 11 18:08:52 localhost kernel: RIP: 0010:adlp_tc_phy_connect+0x115/0x1e0
ago 11 18:08:52 localhost kernel: Code: 48 8b 7f 08 4c 8b 77 50 4d 85 f6 0f 84 d7 00 00 00 e8 7f 94 0b 00 48 89 c6 48 8d 3d 55 94 2c 01 48 c7 c1 f8 ff 24 ae 4c 89 f2 <67> 48 0f b9 3a 48 8b 03 4c 8b 30 4d 85 f6 74 0b 4c 89 f7 e8 e3 39
ago 11 18:08:52 localhost kernel: RSP: 0000:ffffa6ae8006f7a8 EFLAGS: 00010286
ago 11 18:08:52 localhost kernel: RAX: ffffffffae2e4942 RBX: ffffa40140fa1200 RCX: ffffffffae24fff8
ago 11 18:08:52 localhost kernel: RDX: ffffa40141327280 RSI: ffffffffae2e4942 RDI: ffffffffae6d4f50
ago 11 18:08:52 localhost kernel: RBP: ffffa40141072000 R08: 0000000000000000 R09: ffffa40141072000
ago 11 18:08:52 localhost kernel: R10: 0000000000000000 R11: 0000000000000000 R12: 0000000000000019
ago 11 18:08:52 localhost kernel: R13: 0000000000000001 R14: ffffa40141327280 R15: 0000000000000000
ago 11 18:08:52 localhost kernel: FS:  0000000000000000(0000) GS:ffffa40308bd1000(0000) knlGS:0000000000000000
ago 11 18:08:52 localhost kernel: CS:  0010 DS: 0000 ES: 0000 CR0: 0000000080050033
ago 11 18:08:52 localhost kernel: CR2: 0000000000000000 CR3: 00000001f3030000 CR4: 0000000000f50ef0
ago 11 18:08:52 localhost kernel: PKRU: 55555554
ago 11 18:08:52 localhost kernel: Call Trace:
ago 11 18:08:52 localhost kernel:  <TASK>
ago 11 18:08:52 localhost kernel:  intel_tc_port_update_mode+0x21a/0x3a0
ago 11 18:08:52 localhost kernel:  ? __cancel_work+0x3b/0x100
ago 11 18:08:52 localhost kernel:  __intel_tc_port_lock+0xc3/0x130
ago 11 18:08:52 localhost kernel:  intel_digital_port_connected+0x2d/0xa0
ago 11 18:08:52 localhost kernel:  intel_dp_detect+0x10a/0x900
ago 11 18:08:52 localhost kernel:  drm_helper_probe_single_connector_modes+0x425/0x690
ago 11 18:08:52 localhost kernel:  drm_client_modeset_probe+0x1eb/0x1ad0
ago 11 18:08:52 localhost kernel:  ? vsnprintf+0x4a9/0x670
ago 11 18:08:52 localhost kernel:  ? xa_store+0x37/0x50
ago 11 18:08:52 localhost kernel:  __drm_fb_helper_initial_config_and_unlock+0x33/0x580
ago 11 18:08:52 localhost kernel:  ? i915_gem_context_open+0xe3/0x140
ago 11 18:08:52 localhost kernel:  ? i915_gem_open+0x8e/0x100
ago 11 18:08:52 localhost kernel:  drm_fbdev_client_hotplug+0x66/0xa0
ago 11 18:08:52 localhost kernel:  ? drm_client_init+0xbf/0xf0
ago 11 18:08:52 localhost kernel:  drm_client_register+0x5c/0x90
ago 11 18:08:52 localhost kernel:  drm_fbdev_client_setup+0xa3/0x190
ago 11 18:08:52 localhost kernel:  drm_client_setup+0x65/0x80
ago 11 18:08:52 localhost kernel:  intel_display_driver_register+0xbd/0x100
ago 11 18:08:52 localhost kernel:  ? __pfx___drm_printfn_dbg+0x10/0x10
ago 11 18:08:52 localhost kernel:  ? intel_display_driver_register+0xc/0x100
ago 11 18:08:52 localhost kernel:  i915_driver_probe+0x4e7/0xab0
ago 11 18:08:52 localhost kernel:  ? __kernfs_new_node+0x18e/0x280
ago 11 18:08:52 localhost kernel:  local_pci_probe+0x39/0x80
ago 11 18:08:52 localhost kernel:  pci_device_probe+0xb2/0x1e0
ago 11 18:08:52 localhost kernel:  ? sysfs_do_create_link_sd+0x69/0xe0
ago 11 18:08:52 localhost kernel:  really_probe+0xd4/0x270
ago 11 18:08:52 localhost kernel:  ? __pfx___driver_attach+0x10/0x10
ago 11 18:08:52 localhost kernel:  ? __pfx___driver_attach+0x10/0x10
ago 11 18:08:52 localhost kernel:  __driver_probe_device+0x7e/0x110
ago 11 18:08:52 localhost kernel:  driver_probe_device+0x1a/0x80
ago 11 18:08:52 localhost kernel:  __driver_attach+0x86/0x140
ago 11 18:08:52 localhost kernel:  bus_for_each_dev+0x89/0xe0
ago 11 18:08:52 localhost kernel:  bus_add_driver+0xe3/0x1c0
ago 11 18:08:52 localhost kernel:  driver_register+0x6d/0xc0
ago 11 18:08:52 localhost kernel:  i915_init+0x21/0x80
ago 11 18:08:52 localhost kernel:  ? __pfx_i915_init+0x10/0x10
ago 11 18:08:52 localhost kernel:  do_one_initcall+0x57/0x210
ago 11 18:08:52 localhost kernel:  kernel_init_freeable+0x1d1/0x230
ago 11 18:08:52 localhost kernel:  ? __pfx_kernel_init+0x10/0x10
ago 11 18:08:52 localhost kernel:  kernel_init+0x15/0x130
ago 11 18:08:52 localhost kernel:  ret_from_fork+0x17c/0x240
ago 11 18:08:52 localhost kernel:  ? __pfx_kernel_init+0x10/0x10
ago 11 18:08:52 localhost kernel:  ret_from_fork_asm+0x1a/0x30
ago 11 18:08:52 localhost kernel:  </TASK>
ago 11 18:08:52 localhost kernel: ---[ end trace 0000000000000000 ]---
ago 11 18:08:52 localhost kernel: ------------[ cut here ]------------
ago 11 18:08:52 localhost kernel: i915 0000:00:02.0: [drm] drm_WARN_ON(val == 0xffffffff)
ago 11 18:08:52 localhost kernel: WARNING: drivers/gpu/drm/i915/display/intel_tc.c:315 at get_pin_assignment+0x1a9/0x210, CPU#2: swapper/0/1
ago 11 18:08:52 localhost kernel: Modules linked in:
ago 11 18:08:52 localhost kernel: CPU: 2 UID: 0 PID: 1 Comm: swapper/0 Tainted: G S      W           7.2.0-rc7-intelcam-geffb39a5b9a0 #3 PREEMPT(lazy) 
ago 11 18:08:52 localhost kernel: Tainted: [S]=CPU_OUT_OF_SPEC, [W]=WARN
ago 11 18:08:52 localhost kernel: Hardware name: CHUWI Innovation And Technology(ShenZhen)co.,Ltd Hi10 X1/Default string, BIOS SA10C.N1195.24071902.014 09/20/2024
ago 11 18:08:52 localhost kernel: RIP: 0010:get_pin_assignment+0x1b3/0x210
ago 11 18:08:52 localhost kernel: Code: 85 ff 74 04 48 8b 7f 08 4c 8b 6f 50 4d 85 ed 74 23 e8 91 9c 0b 00 48 89 c6 48 8d 3d f7 9b 2c 01 48 c7 c1 50 00 25 ae 4c 89 ea <67> 48 0f b9 3a e9 2f ff ff ff 4c 8b 2f eb d8 48 8b 7d 00 48 85 ff
ago 11 18:08:52 localhost kernel: RSP: 0000:ffffa6ae8006f748 EFLAGS: 00010286
ago 11 18:08:52 localhost kernel: RAX: ffffffffae2e4942 RBX: 00000000ffffffff RCX: ffffffffae250050
ago 11 18:08:52 localhost kernel: RDX: ffffa40141327280 RSI: ffffffffae2e4942 RDI: ffffffffae6d4ee0
ago 11 18:08:52 localhost kernel: RBP: ffffa40141072000 R08: 0000000000000000 R09: 0000000000000001
ago 11 18:08:52 localhost kernel: R10: 000000050f860fa3 R11: 0000000000000016 R12: ffffa40140fa1200
ago 11 18:08:52 localhost kernel: R13: ffffa40141327280 R14: 000000000000000f R15: 000000000000000f
ago 11 18:08:52 localhost kernel: FS:  0000000000000000(0000) GS:ffffa40308bd1000(0000) knlGS:0000000000000000
ago 11 18:08:52 localhost kernel: CS:  0010 DS: 0000 ES: 0000 CR0: 0000000080050033
ago 11 18:08:52 localhost kernel: CR2: 0000000000000000 CR3: 00000001f3030000 CR4: 0000000000f50ef0
ago 11 18:08:52 localhost kernel: PKRU: 55555554
ago 11 18:08:52 localhost kernel: Call Trace:
ago 11 18:08:52 localhost kernel:  <TASK>
ago 11 18:08:52 localhost kernel:  read_pin_configuration+0xe/0x200
ago 11 18:08:52 localhost kernel:  adlp_tc_phy_connect+0x155/0x1e0
ago 11 18:08:52 localhost kernel:  intel_tc_port_update_mode+0x21a/0x3a0
ago 11 18:08:52 localhost kernel:  ? __cancel_work+0x3b/0x100
ago 11 18:08:52 localhost kernel:  __intel_tc_port_lock+0xc3/0x130
ago 11 18:08:52 localhost kernel:  intel_digital_port_connected+0x2d/0xa0
ago 11 18:08:52 localhost kernel:  intel_dp_detect+0x10a/0x900
ago 11 18:08:52 localhost kernel:  drm_helper_probe_single_connector_modes+0x425/0x690
ago 11 18:08:52 localhost kernel:  drm_client_modeset_probe+0x1eb/0x1ad0
ago 11 18:08:52 localhost kernel:  ? vsnprintf+0x4a9/0x670
ago 11 18:08:52 localhost kernel:  ? xa_store+0x37/0x50
ago 11 18:08:52 localhost kernel:  __drm_fb_helper_initial_config_and_unlock+0x33/0x580
ago 11 18:08:52 localhost kernel:  ? i915_gem_context_open+0xe3/0x140
ago 11 18:08:52 localhost kernel:  ? i915_gem_open+0x8e/0x100
ago 11 18:08:52 localhost kernel:  drm_fbdev_client_hotplug+0x66/0xa0
ago 11 18:08:52 localhost kernel:  ? drm_client_init+0xbf/0xf0
ago 11 18:08:52 localhost kernel:  drm_client_register+0x5c/0x90
ago 11 18:08:52 localhost kernel:  drm_fbdev_client_setup+0xa3/0x190
ago 11 18:08:52 localhost kernel:  drm_client_setup+0x65/0x80
ago 11 18:08:52 localhost kernel:  intel_display_driver_register+0xbd/0x100
ago 11 18:08:52 localhost kernel:  ? __pfx___drm_printfn_dbg+0x10/0x10
ago 11 18:08:52 localhost kernel:  ? intel_display_driver_register+0xc/0x100
ago 11 18:08:52 localhost kernel:  i915_driver_probe+0x4e7/0xab0
ago 11 18:08:52 localhost kernel:  ? __kernfs_new_node+0x18e/0x280
ago 11 18:08:52 localhost kernel:  local_pci_probe+0x39/0x80
ago 11 18:08:52 localhost kernel:  pci_device_probe+0xb2/0x1e0
ago 11 18:08:52 localhost kernel:  ? sysfs_do_create_link_sd+0x69/0xe0
ago 11 18:08:52 localhost kernel:  really_probe+0xd4/0x270
ago 11 18:08:52 localhost kernel:  ? __pfx___driver_attach+0x10/0x10
ago 11 18:08:52 localhost kernel:  ? __pfx___driver_attach+0x10/0x10
ago 11 18:08:52 localhost kernel:  __driver_probe_device+0x7e/0x110
ago 11 18:08:52 localhost kernel:  driver_probe_device+0x1a/0x80
ago 11 18:08:52 localhost kernel:  __driver_attach+0x86/0x140
ago 11 18:08:52 localhost kernel:  bus_for_each_dev+0x89/0xe0
ago 11 18:08:52 localhost kernel:  bus_add_driver+0xe3/0x1c0
ago 11 18:08:52 localhost kernel:  driver_register+0x6d/0xc0
ago 11 18:08:52 localhost kernel:  i915_init+0x21/0x80
ago 11 18:08:52 localhost kernel:  ? __pfx_i915_init+0x10/0x10
ago 11 18:08:52 localhost kernel:  do_one_initcall+0x57/0x210
ago 11 18:08:52 localhost kernel:  kernel_init_freeable+0x1d1/0x230
ago 11 18:08:52 localhost kernel:  ? __pfx_kernel_init+0x10/0x10
ago 11 18:08:52 localhost kernel:  kernel_init+0x15/0x130
ago 11 18:08:52 localhost kernel:  ret_from_fork+0x17c/0x240
ago 11 18:08:52 localhost kernel:  ? __pfx_kernel_init+0x10/0x10
ago 11 18:08:52 localhost kernel:  ret_from_fork_asm+0x1a/0x30
ago 11 18:08:52 localhost kernel:  </TASK>
ago 11 18:08:52 localhost kernel: ---[ end trace 0000000000000000 ]---
ago 11 18:08:52 localhost kernel: ------------[ cut here ]------------
ago 11 18:08:52 localhost kernel: Missing case (pin_assignment == 15)
ago 11 18:08:52 localhost kernel: WARNING: drivers/gpu/drm/i915/display/intel_tc.c:332 at get_pin_assignment+0x153/0x210, CPU#2: swapper/0/1
ago 11 18:08:52 localhost kernel: Modules linked in:
ago 11 18:08:52 localhost kernel: CPU: 2 UID: 0 PID: 1 Comm: swapper/0 Tainted: G S      W           7.2.0-rc7-intelcam-geffb39a5b9a0 #3 PREEMPT(lazy) 
ago 11 18:08:52 localhost kernel: Tainted: [S]=CPU_OUT_OF_SPEC, [W]=WARN
ago 11 18:08:52 localhost kernel: Hardware name: CHUWI Innovation And Technology(ShenZhen)co.,Ltd Hi10 X1/Default string, BIOS SA10C.N1195.24071902.014 09/20/2024
ago 11 18:08:52 localhost kernel: RIP: 0010:get_pin_assignment+0x15c/0x210
ago 11 18:08:52 localhost kernel: Code: 00 15 16 00 41 be 00 00 00 1e 41 bf 00 00 00 1e e9 3d ff ff ff 83 fb 06 74 c3 48 8d 3d 3d 9c 2c 01 48 c7 c6 23 0b 2e ae 89 da <67> 48 0f b9 3a 89 d8 5b 5d 41 5c 41 5d 41 5e 41 5f c3 cc cc cc cc
ago 11 18:08:52 localhost kernel: RSP: 0000:ffffa6ae8006f748 EFLAGS: 00010206
ago 11 18:08:52 localhost kernel: RAX: 0000000000000001 RBX: 000000000000000f RCX: 0000000000000000
ago 11 18:08:52 localhost kernel: RDX: 000000000000000f RSI: ffffffffae2e0b23 RDI: ffffffffae6d4ed0
ago 11 18:08:52 localhost kernel: RBP: ffffa40141072000 R08: 0000000000000000 R09: 0000000000000001
ago 11 18:08:52 localhost kernel: R10: 000000050f860fa3 R11: 0000000000000016 R12: ffffa40140fa1200
ago 11 18:08:52 localhost kernel: R13: ffffa40141327280 R14: 000000000000000f R15: 000000000000000f
ago 11 18:08:52 localhost kernel: FS:  0000000000000000(0000) GS:ffffa40308bd1000(0000) knlGS:0000000000000000
ago 11 18:08:52 localhost kernel: CS:  0010 DS: 0000 ES: 0000 CR0: 0000000080050033
ago 11 18:08:52 localhost kernel: CR2: 0000000000000000 CR3: 00000001f3030000 CR4: 0000000000f50ef0
ago 11 18:08:52 localhost kernel: PKRU: 55555554
ago 11 18:08:52 localhost kernel: Call Trace:
ago 11 18:08:52 localhost kernel:  <TASK>
ago 11 18:08:52 localhost kernel:  read_pin_configuration+0xe/0x200
ago 11 18:08:52 localhost kernel:  adlp_tc_phy_connect+0x155/0x1e0
ago 11 18:08:52 localhost kernel:  intel_tc_port_update_mode+0x21a/0x3a0
ago 11 18:08:52 localhost kernel:  ? __cancel_work+0x3b/0x100
ago 11 18:08:52 localhost kernel:  __intel_tc_port_lock+0xc3/0x130
ago 11 18:08:52 localhost kernel:  intel_digital_port_connected+0x2d/0xa0
ago 11 18:08:52 localhost kernel:  intel_dp_detect+0x10a/0x900
ago 11 18:08:52 localhost kernel:  drm_helper_probe_single_connector_modes+0x425/0x690
ago 11 18:08:52 localhost kernel:  drm_client_modeset_probe+0x1eb/0x1ad0
ago 11 18:08:52 localhost kernel:  ? vsnprintf+0x4a9/0x670
ago 11 18:08:52 localhost kernel:  ? xa_store+0x37/0x50
ago 11 18:08:52 localhost kernel:  __drm_fb_helper_initial_config_and_unlock+0x33/0x580
ago 11 18:08:52 localhost kernel:  ? i915_gem_context_open+0xe3/0x140
ago 11 18:08:52 localhost kernel:  ? i915_gem_open+0x8e/0x100
ago 11 18:08:52 localhost kernel:  drm_fbdev_client_hotplug+0x66/0xa0
ago 11 18:08:52 localhost kernel:  ? drm_client_init+0xbf/0xf0
ago 11 18:08:52 localhost kernel:  drm_client_register+0x5c/0x90
ago 11 18:08:52 localhost kernel:  drm_fbdev_client_setup+0xa3/0x190
ago 11 18:08:52 localhost kernel:  drm_client_setup+0x65/0x80
ago 11 18:08:52 localhost kernel:  intel_display_driver_register+0xbd/0x100
ago 11 18:08:52 localhost kernel:  ? __pfx___drm_printfn_dbg+0x10/0x10
ago 11 18:08:52 localhost kernel:  ? intel_display_driver_register+0xc/0x100
ago 11 18:08:52 localhost kernel:  i915_driver_probe+0x4e7/0xab0
ago 11 18:08:52 localhost kernel:  ? __kernfs_new_node+0x18e/0x280
ago 11 18:08:52 localhost kernel:  local_pci_probe+0x39/0x80
ago 11 18:08:52 localhost kernel:  pci_device_probe+0xb2/0x1e0
ago 11 18:08:52 localhost kernel:  ? sysfs_do_create_link_sd+0x69/0xe0
ago 11 18:08:52 localhost kernel:  really_probe+0xd4/0x270
ago 11 18:08:52 localhost kernel:  ? __pfx___driver_attach+0x10/0x10
ago 11 18:08:52 localhost kernel:  ? __pfx___driver_attach+0x10/0x10
ago 11 18:08:52 localhost kernel:  __driver_probe_device+0x7e/0x110
ago 11 18:08:52 localhost kernel:  driver_probe_device+0x1a/0x80
ago 11 18:08:52 localhost kernel:  __driver_attach+0x86/0x140
ago 11 18:08:52 localhost kernel:  bus_for_each_dev+0x89/0xe0
ago 11 18:08:52 localhost kernel:  bus_add_driver+0xe3/0x1c0
ago 11 18:08:52 localhost kernel:  driver_register+0x6d/0xc0
ago 11 18:08:52 localhost kernel:  i915_init+0x21/0x80
ago 11 18:08:52 localhost kernel:  ? __pfx_i915_init+0x10/0x10
ago 11 18:08:52 localhost kernel:  do_one_initcall+0x57/0x210
ago 11 18:08:52 localhost kernel:  kernel_init_freeable+0x1d1/0x230
ago 11 18:08:52 localhost kernel:  ? __pfx_kernel_init+0x10/0x10
ago 11 18:08:52 localhost kernel:  kernel_init+0x15/0x130
ago 11 18:08:52 localhost kernel:  ret_from_fork+0x17c/0x240
ago 11 18:08:52 localhost kernel:  ? __pfx_kernel_init+0x10/0x10
ago 11 18:08:52 localhost kernel:  ret_from_fork_asm+0x1a/0x30
ago 11 18:08:52 localhost kernel:  </TASK>
ago 11 18:08:52 localhost kernel: ---[ end trace 0000000000000000 ]---
ago 11 18:08:52 localhost kernel: fbcon: i915drmfb (fb0) is primary device
ago 11 18:08:52 localhost kernel: Console: switching to colour frame buffer device 100x80
ago 11 18:08:52 localhost kernel: i915 0000:00:02.0: [drm] fb0: i915drmfb frame buffer device
ago 11 18:08:52 localhost kernel: loop: module loaded
ago 11 18:08:52 localhost kernel: mei_me 0000:00:16.0: enabling device (0000 -> 0002)
ago 11 18:08:52 localhost kernel: ahci 0000:00:17.0: AHCI vers 0001.0301, 32 command slots, 6 Gbps, SATA mode
ago 11 18:08:52 localhost kernel: ahci 0000:00:17.0: 2/2 ports implemented (port mask 0x3)
ago 11 18:08:52 localhost kernel: ahci 0000:00:17.0: flags: 64bit ncq sntf pm clo only pio slum part deso sadm sds 
ago 11 18:08:52 localhost kernel: scsi host0: ahci
ago 11 18:08:52 localhost kernel: scsi host1: ahci
ago 11 18:08:52 localhost kernel: ata1: SATA max UDMA/133 abar m2048@0x80402000 port 0x80402100 irq 121 lpm-pol 3
ago 11 18:08:52 localhost kernel: ata2: SATA max UDMA/133 abar m2048@0x80402000 port 0x80402180 irq 121 lpm-pol 3
ago 11 18:08:52 localhost kernel: e100: Intel(R) PRO/100 Network Driver
ago 11 18:08:52 localhost kernel: e100: Copyright(c) 1999-2006 Intel Corporation
ago 11 18:08:52 localhost kernel: e1000: Intel(R) PRO/1000 Network Driver
ago 11 18:08:52 localhost kernel: e1000: Copyright (c) 1999-2006 Intel Corporation.
ago 11 18:08:52 localhost kernel: e1000e: Intel(R) PRO/1000 Network Driver
ago 11 18:08:52 localhost kernel: e1000e: Copyright(c) 1999 - 2015 Intel Corporation.
ago 11 18:08:52 localhost kernel: sky2: driver version 1.30
ago 11 18:08:52 localhost kernel: xhci_hcd 0000:00:14.0: xHCI Host Controller
ago 11 18:08:52 localhost kernel: xhci_hcd 0000:00:14.0: new USB bus registered, assigned bus number 1
ago 11 18:08:52 localhost kernel: xhci_hcd 0000:00:14.0: hcc params 0x20007fc1 hci version 0x120 quirks 0x0000100200009810
ago 11 18:08:52 localhost kernel: xhci_hcd 0000:00:14.0: xHCI Host Controller
ago 11 18:08:52 localhost kernel: xhci_hcd 0000:00:14.0: new USB bus registered, assigned bus number 2
ago 11 18:08:52 localhost kernel: xhci_hcd 0000:00:14.0: Host supports USB 3.1 Enhanced SuperSpeed
ago 11 18:08:52 localhost kernel: usb usb1: New USB device found, idVendor=1d6b, idProduct=0002, bcdDevice= 7.02
ago 11 18:08:52 localhost kernel: usb usb1: New USB device strings: Mfr=3, Product=2, SerialNumber=1
ago 11 18:08:52 localhost kernel: usb usb1: Product: xHCI Host Controller
ago 11 18:08:52 localhost kernel: usb usb1: Manufacturer: Linux 7.2.0-rc7-intelcam-geffb39a5b9a0 xhci-hcd
ago 11 18:08:52 localhost kernel: usb usb1: SerialNumber: 0000:00:14.0
ago 11 18:08:52 localhost kernel: hub 1-0:1.0: USB hub found
ago 11 18:08:52 localhost kernel: hub 1-0:1.0: 12 ports detected
ago 11 18:08:52 localhost kernel: usb usb2: New USB device found, idVendor=1d6b, idProduct=0003, bcdDevice= 7.02
ago 11 18:08:52 localhost kernel: usb usb2: New USB device strings: Mfr=3, Product=2, SerialNumber=1
ago 11 18:08:52 localhost kernel: usb usb2: Product: xHCI Host Controller
ago 11 18:08:52 localhost kernel: usb usb2: Manufacturer: Linux 7.2.0-rc7-intelcam-geffb39a5b9a0 xhci-hcd
ago 11 18:08:52 localhost kernel: usb usb2: SerialNumber: 0000:00:14.0
ago 11 18:08:52 localhost kernel: hub 2-0:1.0: USB hub found
ago 11 18:08:52 localhost kernel: hub 2-0:1.0: 4 ports detected
ago 11 18:08:52 localhost kernel: usbcore: registered new interface driver usblp
ago 11 18:08:52 localhost kernel: usbcore: registered new interface driver usb-storage
ago 11 18:08:52 localhost kernel: i8042: PNP: PS/2 Controller [PNP0303:PS2K] at 0x60,0x64 irq 1
ago 11 18:08:52 localhost kernel: i8042: PNP: PS/2 appears to have AUX port disabled, if this is incorrect please boot with i8042.nopnp
ago 11 18:08:52 localhost kernel: serio: i8042 KBD port at 0x60,0x64 irq 1
ago 11 18:08:52 localhost kernel: rtc_cmos rtc_cmos: RTC can wake from S4
ago 11 18:08:52 localhost kernel: rtc_cmos rtc_cmos: registered as rtc0
ago 11 18:08:52 localhost kernel: rtc_cmos rtc_cmos: alarms up to one month, y3k, 114 bytes nvram
ago 11 18:08:52 localhost kernel: i801_smbus 0000:00:1f.4: enabling device (0000 -> 0003)
ago 11 18:08:52 localhost kernel: i801_smbus 0000:00:1f.4: SPD Write Disable is set
ago 11 18:08:52 localhost kernel: i801_smbus 0000:00:1f.4: SMBus using PCI interrupt
ago 11 18:08:52 localhost kernel: device-mapper: ioctl: 4.50.0-ioctl (2025-04-28) initialised: dm-devel@lists.linux.dev
ago 11 18:08:52 localhost kernel: intel_pstate: Intel P-state driver initializing
ago 11 18:08:52 localhost kernel: intel_pstate: HWP enabled
ago 11 18:08:52 localhost kernel: hid: raw HID events driver (C) Jiri Kosina
ago 11 18:08:52 localhost kernel: usbcore: registered new interface driver usbhid
ago 11 18:08:52 localhost kernel: usbhid: USB HID core driver
ago 11 18:08:52 localhost kernel: snd_hda_intel 0000:00:1f.3: enabling device (0000 -> 0002)
ago 11 18:08:52 localhost kernel: snd_hda_intel 0000:00:1f.3: bound 0000:00:02.0 (ops intel_audio_component_bind_ops)
ago 11 18:08:52 localhost kernel: nf_conntrack_irc: The irc conntrack helper is scheduled for removal.
                                  Please contact the netfilter-devel mailing list if you still need this.
ago 11 18:08:52 localhost kernel: Initializing XFRM netlink socket
ago 11 18:08:52 localhost kernel: NET: Registered PF_INET6 protocol family
ago 11 18:08:52 localhost kernel: Segment Routing with IPv6
ago 11 18:08:52 localhost kernel: In-situ OAM (IOAM) with IPv6
ago 11 18:08:52 localhost kernel: input: AT Translated Set 2 keyboard as /devices/platform/i8042/serio0/input/input5
ago 11 18:08:52 localhost kernel: NET: Registered PF_PACKET protocol family
ago 11 18:08:52 localhost kernel: 9pnet: Installing 9P2000 support
ago 11 18:08:52 localhost kernel: Key type dns_resolver registered
ago 11 18:08:52 localhost kernel: ENERGY_PERF_BIAS: Set to 'normal', was 'performance'
ago 11 18:08:52 localhost kernel: microcode: Current revision: 0x00000007
ago 11 18:08:52 localhost kernel: IPI shorthand broadcast: enabled
ago 11 18:08:52 localhost kernel: sched_clock: Marking stable (2205000828, 20968427)->(2242682669, -16713414)
ago 11 18:08:52 localhost kernel: registered taskstats version 1
ago 11 18:08:52 localhost kernel: Loading compiled-in X.509 certificates
ago 11 18:08:52 localhost kernel: Demotion targets for Node 0: null
ago 11 18:08:52 localhost kernel: PM:   Magic number: 6:600:135
ago 11 18:08:52 localhost kernel: platform INT3472:01: hash matches
ago 11 18:08:52 localhost kernel: acpi INT3472:01: hash matches
ago 11 18:08:52 localhost kernel: netconsole: network logging started
ago 11 18:08:52 localhost kernel: clk: Disabling unused clocks
ago 11 18:08:52 localhost kernel: ALSA device list:
ago 11 18:08:52 localhost kernel:   No soundcards found.
ago 11 18:08:52 localhost kernel: snd_hda_intel 0000:00:1f.3: Cannot probe codecs, giving up
ago 11 18:08:52 localhost kernel: usb 1-3: new low-speed USB device number 2 using xhci_hcd
ago 11 18:08:52 localhost kernel: ata2: SATA link up 6.0 Gbps (SStatus 133 SControl 300)
ago 11 18:08:52 localhost kernel: ata2.00: ATA-9: RS256GSSD310, W1212A0, max UDMA/133
ago 11 18:08:52 localhost kernel: ata2.00: 500118192 sectors, multi 1: LBA48 NCQ (depth 32), AA
ago 11 18:08:52 localhost kernel: ata1: SATA link down (SStatus 4 SControl 300)
ago 11 18:08:52 localhost kernel: ata2.00: Features: Dev-Sleep HIPM DIPM
ago 11 18:08:52 localhost kernel: ata2.00: configured for UDMA/133
ago 11 18:08:52 localhost kernel: ahci 0000:00:17.0: port does not support device sleep
ago 11 18:08:52 localhost kernel: scsi 1:0:0:0: Direct-Access     ATA      RS256GSSD310     2A0  PQ: 0 ANSI: 5
ago 11 18:08:52 localhost kernel: sd 1:0:0:0: Attached scsi generic sg0 type 0
ago 11 18:08:52 localhost kernel: sd 1:0:0:0: [sda] 500118192 512-byte logical blocks: (256 GB/238 GiB)
ago 11 18:08:52 localhost kernel: sd 1:0:0:0: [sda] Write Protect is off
ago 11 18:08:52 localhost kernel: sd 1:0:0:0: [sda] Mode Sense: 00 3a 00 00
ago 11 18:08:52 localhost kernel: sd 1:0:0:0: [sda] Write cache: enabled, read cache: enabled, doesn't support DPO or FUA
ago 11 18:08:52 localhost kernel: sd 1:0:0:0: [sda] Preferred minimum I/O size 512 bytes
ago 11 18:08:52 localhost kernel:  sda: sda1 sda2
ago 11 18:08:52 localhost kernel: sd 1:0:0:0: [sda] Attached SCSI disk
ago 11 18:08:52 localhost kernel: usb 1-3: New USB device found, idVendor=30fa, idProduct=2031, bcdDevice= 1.00
ago 11 18:08:52 localhost kernel: usb 1-3: New USB device strings: Mfr=2, Product=1, SerialNumber=0
ago 11 18:08:52 localhost kernel: usb 1-3: Product: USB Keyboard
ago 11 18:08:52 localhost kernel: usb 1-3: Manufacturer: INSTANT
ago 11 18:08:52 localhost kernel: input: INSTANT USB Keyboard as /devices/pci0000:00/0000:00:14.0/usb1/1-3/1-3:1.0/0003:30FA:2031.0001/input/input6
ago 11 18:08:52 localhost kernel: i801_smbus 0000:00:1f.4: SMBus is busy, can't use it!
ago 11 18:08:52 localhost kernel: i801_smbus 0000:00:1f.4: SMBus is busy, can't use it!
ago 11 18:08:52 localhost kernel: i801_smbus 0000:00:1f.4: SMBus is busy, can't use it!
ago 11 18:08:52 localhost kernel: i801_smbus 0000:00:1f.4: SMBus is busy, can't use it!
ago 11 18:08:52 localhost kernel: i801_smbus 0000:00:1f.4: SMBus is busy, can't use it!
ago 11 18:08:52 localhost kernel: i801_smbus 0000:00:1f.4: SMBus is busy, can't use it!
ago 11 18:08:52 localhost kernel: i801_smbus 0000:00:1f.4: SMBus is busy, can't use it!
ago 11 18:08:52 localhost kernel: hid-generic 0003:30FA:2031.0001: input,hidraw0: USB HID v1.10 Keyboard [INSTANT USB Keyboard] on usb-0000:00:14.0-3/input0
ago 11 18:08:52 localhost kernel: input: INSTANT USB Keyboard Consumer Control as /devices/pci0000:00/0000:00:14.0/usb1/1-3/1-3:1.1/0003:30FA:2031.0002/input/input7
ago 11 18:08:52 localhost kernel: input: INSTANT USB Keyboard System Control as /devices/pci0000:00/0000:00:14.0/usb1/1-3/1-3:1.1/0003:30FA:2031.0002/input/input8
ago 11 18:08:52 localhost kernel: hid-generic 0003:30FA:2031.0002: input,hiddev96,hidraw1: USB HID v1.10 Device [INSTANT USB Keyboard] on usb-0000:00:14.0-3/input1
ago 11 18:08:52 localhost kernel: md: Waiting for all devices to be available before autodetect
ago 11 18:08:52 localhost kernel: md: If you don't use raid, use raid=noautodetect
ago 11 18:08:52 localhost kernel: md: Autodetecting RAID arrays.
ago 11 18:08:52 localhost kernel: md: autorun ...
ago 11 18:08:52 localhost kernel: md: ... autorun DONE.
ago 11 18:08:52 localhost kernel: EXT4-fs (sda2): mounted filesystem bbf08cd1-b31b-4a2f-8f42-9659c613ae4a r/w with ordered data mode. Quota mode: none.
ago 11 18:08:52 localhost kernel: VFS: Mounted root (ext4 filesystem) on device 8:2.
ago 11 18:08:52 localhost kernel: devtmpfs: mounted
ago 11 18:08:52 localhost kernel: VFS: Pivoted into new rootfs
ago 11 18:08:52 localhost kernel: Freeing unused kernel image (initmem) memory: 2884K
ago 11 18:08:52 localhost kernel: Write protecting the kernel read-only data: 28672k
ago 11 18:08:52 localhost kernel: Freeing unused kernel image (text/rodata gap) memory: 1672K
ago 11 18:08:52 localhost kernel: Freeing unused kernel image (rodata/data gap) memory: 124K
ago 11 18:08:52 localhost kernel: x86/mm: Checked W+X mappings: passed, no W+X pages found.
ago 11 18:08:52 localhost kernel: Run /sbin/init as init process
ago 11 18:08:52 localhost kernel:   with arguments:
ago 11 18:08:52 localhost kernel:     /sbin/init
ago 11 18:08:52 localhost kernel:     vmlinuz-intelcam
ago 11 18:08:52 localhost kernel:   with environment:
ago 11 18:08:52 localhost kernel:     HOME=/
ago 11 18:08:52 localhost kernel:     TERM=linux
ago 11 18:08:52 localhost kernel: usb 1-4: new full-speed USB device number 3 using xhci_hcd
ago 11 18:08:52 localhost kernel: modprobe (86) used greatest stack depth: 13112 bytes left
ago 11 18:08:52 localhost systemd[1]: systemd 257.13-1~deb13u1 running in system mode (+PAM +AUDIT +SELINUX +APPARMOR +IMA +IPE +SMACK +SECCOMP +GCRYPT -GNUTLS +OPENSSL +ACL +BLKID +CURL +ELFUTILS +FIDO2 +IDN2 -IDN +IPTC +KMOD +LIBCRYPTSETUP +LIBCRYPTSETUP_PLUGINS +LIBFDISK +PCRE2 +PWQUALITY +P11KIT +QRENCODE +TPM2 +BZIP2 +LZ4 +XZ +ZLIB +ZSTD +BPF_FRAMEWORK +BTF -XKBCOMMON -UTMP +SYSVINIT +LIBARCHIVE)
ago 11 18:08:52 localhost kernel: usb 1-4: New USB device found, idVendor=1234, idProduct=abcd, bcdDevice= 0.00
ago 11 18:08:52 localhost systemd[1]: Detected architecture x86-64.
ago 11 18:08:52 localhost kernel: usb 1-4: New USB device strings: Mfr=1, Product=2, SerialNumber=0
ago 11 18:08:52 localhost kernel: usb 1-4: Product: TCA9537-B32
ago 11 18:08:52 localhost kernel: usb 1-4: Manufacturer: NYM
ago 11 18:08:52 localhost systemd[1]: No hostname configured, using default hostname.
ago 11 18:08:52 localhost systemd[1]: Hostname set to <localhost>.
ago 11 18:08:52 localhost kernel: input: NYM TCA9537-B32 Touchscreen as /devices/pci0000:00/0000:00:14.0/usb1/1-4/1-4:1.0/0003:1234:ABCD.0003/input/input9
ago 11 18:08:52 localhost kernel: hid-generic 0003:1234:ABCD.0003: input,hiddev97,hidraw2: USB HID v1.00 Device [NYM TCA9537-B32] on usb-0000:00:14.0-4/input0
ago 11 18:08:52 localhost systemd[1]: bpf-restrict-fs: BPF LSM hook not enabled in the kernel, BPF LSM not supported.
ago 11 18:08:52 localhost kernel: usb 1-10: new full-speed USB device number 4 using xhci_hcd
ago 11 18:08:52 localhost kernel: flatpak (88) used greatest stack depth: 12400 bytes left
ago 11 18:08:52 localhost kernel: usb 1-10: New USB device found, idVendor=8087, idProduct=0026, bcdDevice= 0.02
ago 11 18:08:52 localhost kernel: usb 1-10: New USB device strings: Mfr=0, Product=0, SerialNumber=0
ago 11 18:08:52 localhost systemd[1]: Queued start job for default target graphical.target.
ago 11 18:08:52 localhost systemd[1]: Created slice system-getty.slice - Slice /system/getty.
ago 11 18:08:52 localhost systemd[1]: Created slice system-modprobe.slice - Slice /system/modprobe.
ago 11 18:08:52 localhost systemd[1]: Created slice user.slice - User and Session Slice.
ago 11 18:08:52 localhost systemd[1]: Started systemd-ask-password-console.path - Dispatch Password Requests to Console Directory Watch.
ago 11 18:08:52 localhost systemd[1]: Started systemd-ask-password-wall.path - Forward Password Requests to Wall Directory Watch.
ago 11 18:08:52 localhost systemd[1]: Set up automount proc-sys-fs-binfmt_misc.automount - Arbitrary Executable File Formats File System Automount Point.
ago 11 18:08:52 localhost systemd[1]: Reached target nss-user-lookup.target - User and Group Name Lookups.
ago 11 18:08:52 localhost systemd[1]: Reached target remote-fs.target - Remote File Systems.
ago 11 18:08:52 localhost systemd[1]: Reached target slices.target - Slice Units.
ago 11 18:08:52 localhost systemd[1]: Reached target swap.target - Swaps.
ago 11 18:08:52 localhost systemd[1]: Listening on systemd-creds.socket - Credential Encryption/Decryption.
ago 11 18:08:52 localhost systemd[1]: Listening on systemd-initctl.socket - initctl Compatibility Named Pipe.
ago 11 18:08:52 localhost systemd[1]: Listening on systemd-journald-dev-log.socket - Journal Socket (/dev/log).
ago 11 18:08:52 localhost systemd[1]: Listening on systemd-journald.socket - Journal Sockets.
ago 11 18:08:52 localhost systemd[1]: systemd-pcrextend.socket - TPM PCR Measurements skipped, unmet condition check ConditionSecurity=measured-uki
ago 11 18:08:52 localhost systemd[1]: systemd-pcrlock.socket - Make TPM PCR Policy skipped, unmet condition check ConditionSecurity=measured-uki
ago 11 18:08:52 localhost systemd[1]: Listening on systemd-udevd-control.socket - udev Control Socket.
ago 11 18:08:52 localhost systemd[1]: Listening on systemd-udevd-kernel.socket - udev Kernel Socket.
ago 11 18:08:52 localhost systemd[1]: Mounting dev-hugepages.mount - Huge Pages File System...
ago 11 18:08:52 localhost systemd[1]: Mounting dev-mqueue.mount - POSIX Message Queue File System...
ago 11 18:08:52 localhost systemd[1]: Mounting run-lock.mount - Legacy Locks Directory /run/lock...
ago 11 18:08:52 localhost systemd[1]: Mounting sys-kernel-debug.mount - Kernel Debug File System...
ago 11 18:08:52 localhost systemd[1]: Mounting sys-kernel-tracing.mount - Kernel Trace File System...
ago 11 18:08:52 localhost systemd[1]: Mounting tmp.mount - Temporary Directory /tmp...
ago 11 18:08:52 localhost systemd[1]: kmod-static-nodes.service - Create List of Static Device Nodes skipped, unmet condition check ConditionFileNotEmpty=/lib/modules/7.2.0-rc7-intelcam-geffb39a5b9a0/modules.devname
ago 11 18:08:52 localhost systemd[1]: Starting modprobe@configfs.service - Load Kernel Module configfs...
ago 11 18:08:52 localhost systemd[1]: Starting modprobe@drm.service - Load Kernel Module drm...
ago 11 18:08:52 localhost systemd[1]: Starting modprobe@efi_pstore.service - Load Kernel Module efi_pstore...
ago 11 18:08:52 localhost systemd[1]: Starting modprobe@fuse.service - Load Kernel Module fuse...
ago 11 18:08:52 localhost systemd[1]: systemd-hibernate-clear.service - Clear Stale Hibernate Storage Info skipped, unmet condition check ConditionPathExists=/sys/firmware/efi/efivars/HibernateLocation-8cf2644b-4b0b-428f-9387-6d876050dc67
ago 11 18:08:52 localhost systemd[1]: systemd-journald.service: unit configures an IP firewall, but the local system does not support BPF/cgroup firewalling.
ago 11 18:08:52 localhost systemd[1]: systemd-journald.service: (This warning is only shown for the first unit using IP firewalling.)
ago 11 18:08:52 localhost systemd[1]: Starting systemd-journald.service - Journal Service...
ago 11 18:08:52 localhost systemd[1]: Starting systemd-modules-load.service - Load Kernel Modules...
ago 11 18:08:52 localhost systemd[1]: systemd-pcrmachine.service - TPM PCR Machine ID Measurement skipped, unmet condition check ConditionSecurity=measured-uki
ago 11 18:08:52 localhost systemd[1]: Starting systemd-remount-fs.service - Remount Root and Kernel File Systems...
ago 11 18:08:52 localhost systemd[1]: Starting systemd-tmpfiles-setup-dev-early.service - Create Static Device Nodes in /dev gracefully...
ago 11 18:08:52 localhost systemd[1]: systemd-tpm2-setup-early.service - Early TPM SRK Setup skipped, unmet condition check ConditionSecurity=measured-uki
ago 11 18:08:52 localhost systemd[1]: Starting systemd-udev-load-credentials.service - Load udev Rules from Credentials...
ago 11 18:08:52 localhost systemd[1]: Starting systemd-udev-trigger.service - Coldplug All udev Devices...
ago 11 18:08:52 localhost systemd[1]: Mounted dev-hugepages.mount - Huge Pages File System.
ago 11 18:08:52 localhost systemd-journald[119]: Collecting audit messages is disabled.
ago 11 18:08:52 localhost systemd[1]: Mounted dev-mqueue.mount - POSIX Message Queue File System.
ago 11 18:08:52 localhost systemd[1]: Mounted run-lock.mount - Legacy Locks Directory /run/lock.
ago 11 18:08:52 localhost systemd[1]: Mounted sys-kernel-debug.mount - Kernel Debug File System.
ago 11 18:08:52 localhost systemd[1]: Mounted sys-kernel-tracing.mount - Kernel Trace File System.
ago 11 18:08:52 localhost systemd[1]: Mounted tmp.mount - Temporary Directory /tmp.
ago 11 18:08:52 localhost systemd[1]: modprobe@configfs.service: Deactivated successfully.
ago 11 18:08:52 localhost systemd[1]: Finished modprobe@configfs.service - Load Kernel Module configfs.
ago 11 18:08:52 localhost systemd[1]: modprobe@drm.service: Deactivated successfully.
ago 11 18:08:52 localhost systemd[1]: Finished modprobe@drm.service - Load Kernel Module drm.
ago 11 18:08:52 localhost systemd[1]: modprobe@efi_pstore.service: Deactivated successfully.
ago 11 18:08:52 localhost systemd[1]: Finished modprobe@efi_pstore.service - Load Kernel Module efi_pstore.
ago 11 18:08:52 localhost systemd[1]: modprobe@fuse.service: Deactivated successfully.
ago 11 18:08:52 localhost systemd[1]: Finished modprobe@fuse.service - Load Kernel Module fuse.
ago 11 18:08:52 localhost systemd[1]: Finished systemd-modules-load.service - Load Kernel Modules.
ago 11 18:08:52 localhost systemd[1]: Finished systemd-remount-fs.service - Remount Root and Kernel File Systems.
ago 11 18:08:52 localhost systemd[1]: Finished systemd-tmpfiles-setup-dev-early.service - Create Static Device Nodes in /dev gracefully.
ago 11 18:08:52 localhost systemd[1]: Finished systemd-udev-load-credentials.service - Load udev Rules from Credentials.
ago 11 18:08:52 localhost systemd[1]: sys-fs-fuse-connections.mount - FUSE Control File System skipped, unmet condition check ConditionPathExists=/sys/fs/fuse/connections
ago 11 18:08:52 localhost systemd[1]: sys-kernel-config.mount - Kernel Configuration File System skipped, unmet condition check ConditionPathExists=/sys/kernel/config
ago 11 18:08:52 localhost systemd[1]: systemd-hwdb-update.service - Rebuild Hardware Database skipped, unmet condition check ConditionNeedsUpdate=/etc
ago 11 18:08:52 localhost systemd[1]: systemd-pstore.service - Platform Persistent Storage Archival skipped, unmet condition check ConditionDirectoryNotEmpty=/sys/fs/pstore
ago 11 18:08:52 localhost systemd[1]: Starting systemd-random-seed.service - Load/Save OS Random Seed...
ago 11 18:08:52 localhost systemd[1]: Starting systemd-sysctl.service - Apply Kernel Variables...
ago 11 18:08:52 localhost systemd[1]: systemd-sysusers.service - Create System Users skipped, no trigger condition checks were met.
ago 11 18:08:52 localhost systemd[1]: Starting systemd-tmpfiles-setup-dev.service - Create Static Device Nodes in /dev...
ago 11 18:08:52 localhost systemd[1]: systemd-tpm2-setup.service - TPM SRK Setup skipped, unmet condition check ConditionSecurity=measured-uki
ago 11 18:08:52 localhost systemd[1]: Started systemd-journald.service - Journal Service.
ago 11 18:08:52 localhost systemd-journald[119]: Received client request to flush runtime journal.
ago 11 18:08:52 localhost kernel: intel-ipu6 0000:00:05.0: enabling device (0000 -> 0002)
ago 11 18:08:52 localhost kernel: intel-ipu6 0000:00:05.0: Found supported sensor GCTI5035:00
ago 11 18:08:52 localhost kernel: intel-ipu6 0000:00:05.0: Found supported sensor GCTI8034:00
ago 11 18:08:52 localhost kernel: intel-ipu6 0000:00:05.0: Connected 2 cameras
ago 11 18:08:52 localhost kernel: intel-ipu6 0000:00:05.0: Sending BOOT_LOAD to CSE
ago 11 18:08:52 localhost kernel: cfg80211: Loading compiled-in X.509 certificates for regulatory database
ago 11 18:08:52 localhost kernel: intel-ipu6 0000:00:05.0: Sending AUTHENTICATE_RUN to CSE
ago 11 18:08:52 localhost kernel: Loaded X.509 cert 'sforshee: 00b28ddf47aef9cea7'
ago 11 18:08:52 localhost kernel: Loaded X.509 cert 'wens: 61c038651aabdcf94bd0ac7ff06c7248db18c600'
ago 11 18:08:52 localhost kernel: faux_driver regulatory: Direct firmware load for regulatory.db failed with error -2
ago 11 18:08:52 localhost kernel: cfg80211: failed to load regulatory.db
ago 11 18:08:52 localhost kernel: iwlwifi 0000:00:14.3: enabling device (0000 -> 0002)
ago 11 18:08:52 localhost kernel: iwlwifi 0000:00:14.3: Detected crf-id 0x501, cnv-id 0x80400 wfpm id 0x80000030
ago 11 18:08:52 localhost kernel: iwlwifi 0000:00:14.3: PCI dev 54f0/0244, rev=0x370, rfid=0x10c000
ago 11 18:08:52 localhost kernel: iwlwifi 0000:00:14.3: Detected Intel(R) Wi-Fi 6 AX101
ago 11 18:08:52 localhost kernel: iwlwifi 0000:00:14.3: loaded firmware version 89.4d42c933.0 so-a0-hr-b0-89.ucode op_mode iwlmvm
ago 11 18:08:52 localhost kernel: intel-ipu6 0000:00:05.0: CSE authenticate_run done
ago 11 18:08:52 localhost kernel: intel-ipu6 0000:00:05.0: IPU6-v3[462e] hardware version 5
ago 11 18:08:52 localhost kernel: v4l_id (287) used greatest stack depth: 12144 bytes left
ago 11 18:08:52 localhost kernel: iwlwifi 0000:00:14.3: WFPM_UMAC_PD_NOTIFICATION: 0x20
ago 11 18:08:52 localhost kernel: iwlwifi 0000:00:14.3: WFPM_LMAC2_PD_NOTIFICATION: 0x1f
ago 11 18:08:52 localhost kernel: iwlwifi 0000:00:14.3: RFIm is deactivated, reason = 4
ago 11 18:08:52 localhost kernel: iwlwifi 0000:00:14.3: WFPM_AUTH_KEY_0: 0x90
ago 11 18:08:52 localhost kernel: iwlwifi 0000:00:14.3: CNVI_SCU_SEQ_DATA_DW9: 0x10
ago 11 18:08:52 localhost kernel: iwlwifi 0000:00:14.3: Detected RF HR1 B3, rfid=0x10c000
ago 11 18:08:52 localhost kernel: iwlwifi 0000:00:14.3: base HW address: MAC1:XX:XX:XX:XX:XX
ago 11 18:08:52 localhost kernel: iwlwifi 0000:00:14.3 wlo1: renamed from wlan0
ago 11 18:08:53 localhost.localdomain kernel: iwlwifi 0000:00:14.3: WFPM_UMAC_PD_NOTIFICATION: 0x20
ago 11 18:08:53 localhost.localdomain kernel: iwlwifi 0000:00:14.3: RFIm is deactivated, reason = 4
ago 11 18:08:53 localhost.localdomain kernel: iwlwifi 0000:00:14.3: WFPM_LMAC2_PD_NOTIFICATION: 0x1f
ago 11 18:08:53 localhost.localdomain kernel: iwlwifi 0000:00:14.3: WFPM_AUTH_KEY_0: 0x90
ago 11 18:08:53 localhost.localdomain kernel: iwlwifi 0000:00:14.3: CNVI_SCU_SEQ_DATA_DW9: 0x10
ago 11 18:08:53 localhost.localdomain kernel: iwlwifi 0000:00:14.3: WFPM_UMAC_PD_NOTIFICATION: 0x20
ago 11 18:08:53 localhost.localdomain kernel: iwlwifi 0000:00:14.3: RFIm is deactivated, reason = 4
ago 11 18:08:53 localhost.localdomain kernel: iwlwifi 0000:00:14.3: WFPM_LMAC2_PD_NOTIFICATION: 0x1f
ago 11 18:08:53 localhost.localdomain kernel: iwlwifi 0000:00:14.3: WFPM_AUTH_KEY_0: 0x90
ago 11 18:08:53 localhost.localdomain kernel: iwlwifi 0000:00:14.3: CNVI_SCU_SEQ_DATA_DW9: 0x10
ago 11 18:08:55 localhost.localdomain kernel: ------------[ cut here ]------------
ago 11 18:08:55 localhost.localdomain kernel: i915 0000:00:02.0: [drm] drm_WARN_ON(tc->mode == TC_PORT_LEGACY)
ago 11 18:08:55 localhost.localdomain kernel: WARNING: drivers/gpu/drm/i915/display/intel_tc.c:933 at adlp_tc_phy_connect+0x10b/0x1e0, CPU#0: KMS thread/891
ago 11 18:08:55 localhost.localdomain kernel: Modules linked in: intel_ipu6_isys videobuf2_dma_sg videobuf2_memops videobuf2_v4l2 videobuf2_common iwlmvm mac80211 libarc4 iwlwifi x86_pkg_temp_thermal cfg80211 intel_ipu6 ipu_bridge intel_skl_int3472_tps68470 mfd_core gc8034 gc5035 intel_skl_int3472_discrete v4l2_cci intel_skl_int3472_common regmap_i2c
ago 11 18:08:55 localhost.localdomain kernel: CPU: 0 UID: 103 PID: 891 Comm: KMS thread Tainted: G S      W           7.2.0-rc7-intelcam-geffb39a5b9a0 #3 PREEMPT(lazy) 
ago 11 18:08:55 localhost.localdomain kernel: Tainted: [S]=CPU_OUT_OF_SPEC, [W]=WARN
ago 11 18:08:55 localhost.localdomain kernel: Hardware name: CHUWI Innovation And Technology(ShenZhen)co.,Ltd Hi10 X1/Default string, BIOS SA10C.N1195.24071902.014 09/20/2024
ago 11 18:08:55 localhost.localdomain kernel: RIP: 0010:adlp_tc_phy_connect+0x115/0x1e0
ago 11 18:08:55 localhost.localdomain kernel: Code: 48 8b 7f 08 4c 8b 77 50 4d 85 f6 0f 84 d7 00 00 00 e8 7f 94 0b 00 48 89 c6 48 8d 3d 55 94 2c 01 48 c7 c1 f8 ff 24 ae 4c 89 f2 <67> 48 0f b9 3a 48 8b 03 4c 8b 30 4d 85 f6 74 0b 4c 89 f7 e8 e3 39
ago 11 18:08:55 localhost.localdomain kernel: RSP: 0018:ffffa6ae81be3b20 EFLAGS: 00010286
ago 11 18:08:55 localhost.localdomain kernel: RAX: ffffffffae2e4942 RBX: ffffa40140fa1200 RCX: ffffffffae24fff8
ago 11 18:08:55 localhost.localdomain kernel: RDX: ffffa40141327280 RSI: ffffffffae2e4942 RDI: ffffffffae6d4f50
ago 11 18:08:55 localhost.localdomain kernel: RBP: ffffa40141072000 R08: 0000000000000000 R09: ffffa40141072000
ago 11 18:08:55 localhost.localdomain kernel: R10: 0000000000000000 R11: 0000000000000000 R12: 0000000000000019
ago 11 18:08:55 localhost.localdomain kernel: R13: 0000000000000001 R14: ffffa40141327280 R15: 0000000000000000
ago 11 18:08:55 localhost.localdomain kernel: FS:  00007efd87ee26c0(0000) GS:ffffa40308ad1000(0000) knlGS:0000000000000000
ago 11 18:08:55 localhost.localdomain kernel: CS:  0010 DS: 0000 ES: 0000 CR0: 0000000080050033
ago 11 18:08:55 localhost.localdomain kernel: CR2: 00007efd8002f788 CR3: 0000000117830000 CR4: 0000000000f50ef0
ago 11 18:08:55 localhost.localdomain kernel: PKRU: 55555554
ago 11 18:08:55 localhost.localdomain kernel: Call Trace:
ago 11 18:08:55 localhost.localdomain kernel:  <TASK>
ago 11 18:08:55 localhost.localdomain kernel:  intel_tc_port_update_mode+0x21a/0x3a0
ago 11 18:08:55 localhost.localdomain kernel:  ? __cancel_work+0x3b/0x100
ago 11 18:08:55 localhost.localdomain kernel:  __intel_tc_port_lock+0xc3/0x130
ago 11 18:08:55 localhost.localdomain kernel:  intel_digital_port_connected+0x2d/0xa0
ago 11 18:08:55 localhost.localdomain kernel:  intel_dp_detect+0x10a/0x900
ago 11 18:08:55 localhost.localdomain kernel:  drm_helper_probe_single_connector_modes+0x425/0x690
ago 11 18:08:55 localhost.localdomain kernel:  ? __alloc_frozen_pages_noprof+0x1c1/0x1580
ago 11 18:08:55 localhost.localdomain kernel:  drm_mode_getconnector+0x37a/0x480
ago 11 18:08:55 localhost.localdomain kernel:  ? __drm_mode_object_find+0x9a/0xf0
ago 11 18:08:55 localhost.localdomain kernel:  ? __pfx_drm_mode_getconnector+0x10/0x10
ago 11 18:08:55 localhost.localdomain kernel:  drm_ioctl_kernel+0xa9/0x100
ago 11 18:08:55 localhost.localdomain kernel:  drm_ioctl+0x226/0x4d0
ago 11 18:08:55 localhost.localdomain kernel:  ? __pfx_drm_mode_getconnector+0x10/0x10
ago 11 18:08:55 localhost.localdomain kernel:  __x64_sys_ioctl+0x91/0xe0
ago 11 18:08:55 localhost.localdomain kernel:  do_syscall_64+0xee/0x590
ago 11 18:08:55 localhost.localdomain kernel:  entry_SYSCALL_64_after_hwframe+0x77/0x7f
ago 11 18:08:55 localhost.localdomain kernel: RIP: 0033:0x7efdb06bd91b
ago 11 18:08:55 localhost.localdomain kernel: Code: 00 48 89 44 24 18 31 c0 48 8d 44 24 60 c7 04 24 10 00 00 00 48 89 44 24 08 48 8d 44 24 20 48 89 44 24 10 b8 10 00 00 00 0f 05 <89> c2 3d 00 f0 ff ff 77 1c 48 8b 44 24 18 64 48 2b 04 25 28 00 00
ago 11 18:08:55 localhost.localdomain kernel: RSP: 002b:00007efd87ee10c0 EFLAGS: 00000246 ORIG_RAX: 0000000000000010
ago 11 18:08:55 localhost.localdomain kernel: RAX: ffffffffffffffda RBX: 00007efd8002b6b0 RCX: 00007efdb06bd91b
ago 11 18:08:55 localhost.localdomain kernel: RDX: 00007efd87ee1160 RSI: 00000000c05064a7 RDI: 000000000000000c
ago 11 18:08:55 localhost.localdomain kernel: RBP: 00007efd87ee1160 R08: 0000000000000060 R09: 0000000000000002
ago 11 18:08:55 localhost.localdomain kernel: R10: 00007efd8002ea70 R11: 0000000000000246 R12: 00000000c05064a7
ago 11 18:08:55 localhost.localdomain kernel: R13: 000000000000000c R14: 00000000c05064a7 R15: 00007efd87ee1160
ago 11 18:08:55 localhost.localdomain kernel:  </TASK>
ago 11 18:08:55 localhost.localdomain kernel: ---[ end trace 0000000000000000 ]---
ago 11 18:08:55 localhost.localdomain kernel: ------------[ cut here ]------------
ago 11 18:08:55 localhost.localdomain kernel: i915 0000:00:02.0: [drm] drm_WARN_ON(val == 0xffffffff)
ago 11 18:08:55 localhost.localdomain kernel: WARNING: drivers/gpu/drm/i915/display/intel_tc.c:315 at get_pin_assignment+0x1a9/0x210, CPU#3: KMS thread/891
ago 11 18:08:55 localhost.localdomain kernel: Modules linked in: intel_ipu6_isys videobuf2_dma_sg videobuf2_memops videobuf2_v4l2 videobuf2_common iwlmvm mac80211 libarc4 iwlwifi x86_pkg_temp_thermal cfg80211 intel_ipu6 ipu_bridge intel_skl_int3472_tps68470 mfd_core gc8034 gc5035 intel_skl_int3472_discrete v4l2_cci intel_skl_int3472_common regmap_i2c
ago 11 18:08:55 localhost.localdomain kernel: CPU: 3 UID: 103 PID: 891 Comm: KMS thread Tainted: G S      W           7.2.0-rc7-intelcam-geffb39a5b9a0 #3 PREEMPT(lazy) 
ago 11 18:08:55 localhost.localdomain kernel: Tainted: [S]=CPU_OUT_OF_SPEC, [W]=WARN
ago 11 18:08:55 localhost.localdomain kernel: Hardware name: CHUWI Innovation And Technology(ShenZhen)co.,Ltd Hi10 X1/Default string, BIOS SA10C.N1195.24071902.014 09/20/2024
ago 11 18:08:55 localhost.localdomain kernel: RIP: 0010:get_pin_assignment+0x1b3/0x210
ago 11 18:08:55 localhost.localdomain kernel: Code: 85 ff 74 04 48 8b 7f 08 4c 8b 6f 50 4d 85 ed 74 23 e8 91 9c 0b 00 48 89 c6 48 8d 3d f7 9b 2c 01 48 c7 c1 50 00 25 ae 4c 89 ea <67> 48 0f b9 3a e9 2f ff ff ff 4c 8b 2f eb d8 48 8b 7d 00 48 85 ff
ago 11 18:08:55 localhost.localdomain kernel: RSP: 0018:ffffa6ae81be3ac0 EFLAGS: 00010286
ago 11 18:08:55 localhost.localdomain kernel: RAX: ffffffffae2e4942 RBX: 00000000ffffffff RCX: ffffffffae250050
ago 11 18:08:55 localhost.localdomain kernel: RDX: ffffa40141327280 RSI: ffffffffae2e4942 RDI: ffffffffae6d4ee0
ago 11 18:08:55 localhost.localdomain kernel: RBP: ffffa40141072000 R08: 0000000000000000 R09: 0000000000000001
ago 11 18:08:55 localhost.localdomain kernel: R10: 00000000ffffffff R11: ffffffffae5f4b40 R12: ffffa40140fa1200
ago 11 18:08:55 localhost.localdomain kernel: R13: ffffa40141327280 R14: 000000000000000f R15: 000000000000000f
ago 11 18:08:55 localhost.localdomain kernel: FS:  00007efd87ee26c0(0000) GS:ffffa40308c51000(0000) knlGS:0000000000000000
ago 11 18:08:55 localhost.localdomain kernel: CS:  0010 DS: 0000 ES: 0000 CR0: 0000000080050033
ago 11 18:08:55 localhost.localdomain kernel: CR2: 00007f7864b49798 CR3: 0000000117830000 CR4: 0000000000f50ef0
ago 11 18:08:55 localhost.localdomain kernel: PKRU: 55555554
ago 11 18:08:55 localhost.localdomain kernel: Call Trace:
ago 11 18:08:55 localhost.localdomain kernel:  <TASK>
ago 11 18:08:55 localhost.localdomain kernel:  read_pin_configuration+0xe/0x200
ago 11 18:08:55 localhost.localdomain kernel:  adlp_tc_phy_connect+0x155/0x1e0
ago 11 18:08:55 localhost.localdomain kernel:  intel_tc_port_update_mode+0x21a/0x3a0
ago 11 18:08:55 localhost.localdomain kernel:  ? __cancel_work+0x3b/0x100
ago 11 18:08:55 localhost.localdomain kernel:  __intel_tc_port_lock+0xc3/0x130
ago 11 18:08:55 localhost.localdomain kernel:  intel_digital_port_connected+0x2d/0xa0
ago 11 18:08:55 localhost.localdomain kernel:  intel_dp_detect+0x10a/0x900
ago 11 18:08:55 localhost.localdomain kernel:  drm_helper_probe_single_connector_modes+0x425/0x690
ago 11 18:08:55 localhost.localdomain kernel:  ? __alloc_frozen_pages_noprof+0x1c1/0x1580
ago 11 18:08:55 localhost.localdomain kernel:  drm_mode_getconnector+0x37a/0x480
ago 11 18:08:55 localhost.localdomain kernel:  ? __drm_mode_object_find+0x9a/0xf0
ago 11 18:08:55 localhost.localdomain kernel:  ? __pfx_drm_mode_getconnector+0x10/0x10
ago 11 18:08:55 localhost.localdomain kernel:  drm_ioctl_kernel+0xa9/0x100
ago 11 18:08:55 localhost.localdomain kernel:  drm_ioctl+0x226/0x4d0
ago 11 18:08:55 localhost.localdomain kernel:  ? __pfx_drm_mode_getconnector+0x10/0x10
ago 11 18:08:55 localhost.localdomain kernel:  __x64_sys_ioctl+0x91/0xe0
ago 11 18:08:55 localhost.localdomain kernel:  do_syscall_64+0xee/0x590
ago 11 18:08:55 localhost.localdomain kernel:  entry_SYSCALL_64_after_hwframe+0x77/0x7f
ago 11 18:08:55 localhost.localdomain kernel: RIP: 0033:0x7efdb06bd91b
ago 11 18:08:55 localhost.localdomain kernel: Code: 00 48 89 44 24 18 31 c0 48 8d 44 24 60 c7 04 24 10 00 00 00 48 89 44 24 08 48 8d 44 24 20 48 89 44 24 10 b8 10 00 00 00 0f 05 <89> c2 3d 00 f0 ff ff 77 1c 48 8b 44 24 18 64 48 2b 04 25 28 00 00
ago 11 18:08:55 localhost.localdomain kernel: RSP: 002b:00007efd87ee10c0 EFLAGS: 00000246 ORIG_RAX: 0000000000000010
ago 11 18:08:55 localhost.localdomain kernel: RAX: ffffffffffffffda RBX: 00007efd8002b6b0 RCX: 00007efdb06bd91b
ago 11 18:08:55 localhost.localdomain kernel: RDX: 00007efd87ee1160 RSI: 00000000c05064a7 RDI: 000000000000000c
ago 11 18:08:55 localhost.localdomain kernel: RBP: 00007efd87ee1160 R08: 0000000000000060 R09: 0000000000000002
ago 11 18:08:55 localhost.localdomain kernel: R10: 00007efd8002ea70 R11: 0000000000000246 R12: 00000000c05064a7
ago 11 18:08:55 localhost.localdomain kernel: R13: 000000000000000c R14: 00000000c05064a7 R15: 00007efd87ee1160
ago 11 18:08:55 localhost.localdomain kernel:  </TASK>
ago 11 18:08:55 localhost.localdomain kernel: ---[ end trace 0000000000000000 ]---
ago 11 18:08:55 localhost.localdomain kernel: ------------[ cut here ]------------
ago 11 18:08:55 localhost.localdomain kernel: Missing case (pin_assignment == 15)
ago 11 18:08:55 localhost.localdomain kernel: WARNING: drivers/gpu/drm/i915/display/intel_tc.c:332 at get_pin_assignment+0x153/0x210, CPU#3: KMS thread/891
ago 11 18:08:55 localhost.localdomain kernel: Modules linked in: intel_ipu6_isys videobuf2_dma_sg videobuf2_memops videobuf2_v4l2 videobuf2_common iwlmvm mac80211 libarc4 iwlwifi x86_pkg_temp_thermal cfg80211 intel_ipu6 ipu_bridge intel_skl_int3472_tps68470 mfd_core gc8034 gc5035 intel_skl_int3472_discrete v4l2_cci intel_skl_int3472_common regmap_i2c
ago 11 18:08:55 localhost.localdomain kernel: CPU: 3 UID: 103 PID: 891 Comm: KMS thread Tainted: G S      W           7.2.0-rc7-intelcam-geffb39a5b9a0 #3 PREEMPT(lazy) 
ago 11 18:08:55 localhost.localdomain kernel: Tainted: [S]=CPU_OUT_OF_SPEC, [W]=WARN
ago 11 18:08:55 localhost.localdomain kernel: Hardware name: CHUWI Innovation And Technology(ShenZhen)co.,Ltd Hi10 X1/Default string, BIOS SA10C.N1195.24071902.014 09/20/2024
ago 11 18:08:55 localhost.localdomain kernel: RIP: 0010:get_pin_assignment+0x15c/0x210
ago 11 18:08:55 localhost.localdomain kernel: Code: 00 15 16 00 41 be 00 00 00 1e 41 bf 00 00 00 1e e9 3d ff ff ff 83 fb 06 74 c3 48 8d 3d 3d 9c 2c 01 48 c7 c6 23 0b 2e ae 89 da <67> 48 0f b9 3a 89 d8 5b 5d 41 5c 41 5d 41 5e 41 5f c3 cc cc cc cc
ago 11 18:08:55 localhost.localdomain kernel: RSP: 0018:ffffa6ae81be3ac0 EFLAGS: 00010206
ago 11 18:08:55 localhost.localdomain kernel: RAX: 0000000000000001 RBX: 000000000000000f RCX: 0000000000000000
ago 11 18:08:55 localhost.localdomain kernel: RDX: 000000000000000f RSI: ffffffffae2e0b23 RDI: ffffffffae6d4ed0
ago 11 18:08:55 localhost.localdomain kernel: RBP: ffffa40141072000 R08: 0000000000000000 R09: 0000000000000001
ago 11 18:08:55 localhost.localdomain kernel: R10: 00000000ffffffff R11: ffffffffae5f4b40 R12: ffffa40140fa1200
ago 11 18:08:55 localhost.localdomain kernel: R13: ffffa40141327280 R14: 000000000000000f R15: 000000000000000f
ago 11 18:08:55 localhost.localdomain kernel: FS:  00007efd87ee26c0(0000) GS:ffffa40308c51000(0000) knlGS:0000000000000000
ago 11 18:08:55 localhost.localdomain kernel: CS:  0010 DS: 0000 ES: 0000 CR0: 0000000080050033
ago 11 18:08:55 localhost.localdomain kernel: CR2: 00007f7864b49798 CR3: 0000000117830000 CR4: 0000000000f50ef0
ago 11 18:08:55 localhost.localdomain kernel: PKRU: 55555554
ago 11 18:08:55 localhost.localdomain kernel: Call Trace:
ago 11 18:08:55 localhost.localdomain kernel:  <TASK>
ago 11 18:08:55 localhost.localdomain kernel:  read_pin_configuration+0xe/0x200
ago 11 18:08:55 localhost.localdomain kernel:  adlp_tc_phy_connect+0x155/0x1e0
ago 11 18:08:55 localhost.localdomain kernel:  intel_tc_port_update_mode+0x21a/0x3a0
ago 11 18:08:55 localhost.localdomain kernel:  ? __cancel_work+0x3b/0x100
ago 11 18:08:55 localhost.localdomain kernel:  __intel_tc_port_lock+0xc3/0x130
ago 11 18:08:55 localhost.localdomain kernel:  intel_digital_port_connected+0x2d/0xa0
ago 11 18:08:55 localhost.localdomain kernel:  intel_dp_detect+0x10a/0x900
ago 11 18:08:55 localhost.localdomain kernel:  drm_helper_probe_single_connector_modes+0x425/0x690
ago 11 18:08:55 localhost.localdomain kernel:  ? __alloc_frozen_pages_noprof+0x1c1/0x1580
ago 11 18:08:55 localhost.localdomain kernel:  drm_mode_getconnector+0x37a/0x480
ago 11 18:08:55 localhost.localdomain kernel:  ? __drm_mode_object_find+0x9a/0xf0
ago 11 18:08:55 localhost.localdomain kernel:  ? __pfx_drm_mode_getconnector+0x10/0x10
ago 11 18:08:55 localhost.localdomain kernel:  drm_ioctl_kernel+0xa9/0x100
ago 11 18:08:55 localhost.localdomain kernel:  drm_ioctl+0x226/0x4d0
ago 11 18:08:55 localhost.localdomain kernel:  ? __pfx_drm_mode_getconnector+0x10/0x10
ago 11 18:08:55 localhost.localdomain kernel:  __x64_sys_ioctl+0x91/0xe0
ago 11 18:08:55 localhost.localdomain kernel:  do_syscall_64+0xee/0x590
ago 11 18:08:55 localhost.localdomain kernel:  entry_SYSCALL_64_after_hwframe+0x77/0x7f
ago 11 18:08:55 localhost.localdomain kernel: RIP: 0033:0x7efdb06bd91b
ago 11 18:08:55 localhost.localdomain kernel: Code: 00 48 89 44 24 18 31 c0 48 8d 44 24 60 c7 04 24 10 00 00 00 48 89 44 24 08 48 8d 44 24 20 48 89 44 24 10 b8 10 00 00 00 0f 05 <89> c2 3d 00 f0 ff ff 77 1c 48 8b 44 24 18 64 48 2b 04 25 28 00 00
ago 11 18:08:55 localhost.localdomain kernel: RSP: 002b:00007efd87ee10c0 EFLAGS: 00000246 ORIG_RAX: 0000000000000010
ago 11 18:08:55 localhost.localdomain kernel: RAX: ffffffffffffffda RBX: 00007efd8002b6b0 RCX: 00007efdb06bd91b
ago 11 18:08:55 localhost.localdomain kernel: RDX: 00007efd87ee1160 RSI: 00000000c05064a7 RDI: 000000000000000c
ago 11 18:08:55 localhost.localdomain kernel: RBP: 00007efd87ee1160 R08: 0000000000000060 R09: 0000000000000002
ago 11 18:08:55 localhost.localdomain kernel: R10: 00007efd8002ea70 R11: 0000000000000246 R12: 00000000c05064a7
ago 11 18:08:55 localhost.localdomain kernel: R13: 000000000000000c R14: 00000000c05064a7 R15: 00007efd87ee1160
ago 11 18:08:55 localhost.localdomain kernel:  </TASK>
ago 11 18:08:55 localhost.localdomain kernel: ---[ end trace 0000000000000000 ]---
ago 11 18:08:56 localhost.localdomain kernel: rfkill: input handler disabled
ago 11 18:08:57 localhost.localdomain kernel: wlo1: authenticate with MAC2:XX:XX:XX:XX:XX (local address=MAC1:XX:XX:XX:XX:XX)
ago 11 18:08:57 localhost.localdomain kernel: wlo1: send auth to MAC2:XX:XX:XX:XX:XX (try 1/3)
ago 11 18:08:57 localhost.localdomain kernel: wlo1: authenticated
ago 11 18:08:57 localhost.localdomain kernel: wlo1: associate with MAC2:XX:XX:XX:XX:XX (try 1/3)
ago 11 18:08:57 localhost.localdomain kernel: wlo1: RX AssocResp from MAC2:XX:XX:XX:XX:XX (capab=0x1011 status=0 aid=14)
ago 11 18:08:57 localhost.localdomain kernel: wlo1: Ignore NSS change to invalid 4 in VHT opmode notif from MAC2:XX:XX:XX:XX:XX
ago 11 18:08:57 localhost.localdomain kernel: wlo1: associated
ago 11 18:08:57 localhost.localdomain kernel: wlo1: Ignore NSS change to invalid 4 in VHT opmode notif from MAC2:XX:XX:XX:XX:XX
ago 11 18:08:57 localhost.localdomain kernel: wlo1: Limiting TX power to 23 (23 - 0) dBm as advertised by MAC2:XX:XX:XX:XX:XX
ago 11 18:09:02 localhost.localdomain kernel: usb 1-3: USB disconnect, device number 2
ago 11 18:09:05 localhost.localdomain kernel: (udev-worker) (181) used greatest stack depth: 11736 bytes left
ago 11 18:09:29 localhost.localdomain kernel: usb 1-1: new high-speed USB device number 5 using xhci_hcd
ago 11 18:09:30 localhost.localdomain kernel: usb 1-1: New USB device found, idVendor=0bda, idProduct=5411, bcdDevice= 1.56
ago 11 18:09:30 localhost.localdomain kernel: usb 1-1: New USB device strings: Mfr=1, Product=2, SerialNumber=0
ago 11 18:09:30 localhost.localdomain kernel: usb 1-1: Product: USB2.1 Hub
ago 11 18:09:30 localhost.localdomain kernel: usb 1-1: Manufacturer: Generic
ago 11 18:09:30 localhost.localdomain kernel: hub 1-1:1.0: USB hub found
ago 11 18:09:30 localhost.localdomain kernel: hub 1-1:1.0: 4 ports detected
ago 11 18:09:30 localhost.localdomain kernel: usb 1-1.4: new high-speed USB device number 6 using xhci_hcd
ago 11 18:09:30 localhost.localdomain kernel: usb 1-1.4: New USB device found, idVendor=0bda, idProduct=1100, bcdDevice= 1.01
ago 11 18:09:30 localhost.localdomain kernel: usb 1-1.4: New USB device strings: Mfr=1, Product=2, SerialNumber=0
ago 11 18:09:30 localhost.localdomain kernel: usb 1-1.4: Product: HID Device
ago 11 18:09:30 localhost.localdomain kernel: usb 1-1.4: Manufacturer: Realtek
ago 11 18:09:30 localhost.localdomain kernel: hid-generic 0003:0BDA:1100.0004: hiddev96,hidraw0: USB HID v1.11 Device [Realtek HID Device] on usb-0000:00:14.0-1.4/input0
ago 11 18:09:32 localhost.localdomain kernel: ------------[ cut here ]------------
ago 11 18:09:32 localhost.localdomain kernel: i915 0000:00:02.0: [drm] drm_WARN_ON(tc->mode == TC_PORT_LEGACY)
ago 11 18:09:32 localhost.localdomain kernel: WARNING: drivers/gpu/drm/i915/display/intel_tc.c:933 at adlp_tc_phy_connect+0x10b/0x1e0, CPU#2: KMS thread/891
ago 11 18:09:32 localhost.localdomain kernel: Modules linked in: intel_ipu6_isys videobuf2_dma_sg videobuf2_memops videobuf2_v4l2 videobuf2_common iwlmvm mac80211 libarc4 iwlwifi x86_pkg_temp_thermal cfg80211 intel_ipu6 ipu_bridge intel_skl_int3472_tps68470 mfd_core gc8034 gc5035 intel_skl_int3472_discrete v4l2_cci intel_skl_int3472_common regmap_i2c
ago 11 18:09:32 localhost.localdomain kernel: CPU: 2 UID: 103 PID: 891 Comm: KMS thread Tainted: G S      W           7.2.0-rc7-intelcam-geffb39a5b9a0 #3 PREEMPT(lazy) 
ago 11 18:09:32 localhost.localdomain kernel: Tainted: [S]=CPU_OUT_OF_SPEC, [W]=WARN
ago 11 18:09:32 localhost.localdomain kernel: Hardware name: CHUWI Innovation And Technology(ShenZhen)co.,Ltd Hi10 X1/Default string, BIOS SA10C.N1195.24071902.014 09/20/2024
ago 11 18:09:32 localhost.localdomain kernel: RIP: 0010:adlp_tc_phy_connect+0x115/0x1e0
ago 11 18:09:32 localhost.localdomain kernel: Code: 48 8b 7f 08 4c 8b 77 50 4d 85 f6 0f 84 d7 00 00 00 e8 7f 94 0b 00 48 89 c6 48 8d 3d 55 94 2c 01 48 c7 c1 f8 ff 24 ae 4c 89 f2 <67> 48 0f b9 3a 48 8b 03 4c 8b 30 4d 85 f6 74 0b 4c 89 f7 e8 e3 39
ago 11 18:09:32 localhost.localdomain kernel: RSP: 0018:ffffa6ae81be3b20 EFLAGS: 00010286
ago 11 18:09:32 localhost.localdomain kernel: RAX: ffffffffae2e4942 RBX: ffffa40140fa1200 RCX: ffffffffae24fff8
ago 11 18:09:32 localhost.localdomain kernel: RDX: ffffa40141327280 RSI: ffffffffae2e4942 RDI: ffffffffae6d4f50
ago 11 18:09:32 localhost.localdomain kernel: RBP: ffffa40141072000 R08: 0000000000000000 R09: ffffa40141072000
ago 11 18:09:32 localhost.localdomain kernel: R10: 0000000000000000 R11: 0000000000000000 R12: 0000000000000019
ago 11 18:09:32 localhost.localdomain kernel: R13: 0000000000000001 R14: ffffa40141327280 R15: 0000000000000000
ago 11 18:09:32 localhost.localdomain kernel: FS:  00007efd87ee26c0(0000) GS:ffffa40308bd1000(0000) knlGS:0000000000000000
ago 11 18:09:32 localhost.localdomain kernel: CS:  0010 DS: 0000 ES: 0000 CR0: 0000000080050033
ago 11 18:09:32 localhost.localdomain kernel: CR2: 00007efd8002c89c CR3: 0000000117830000 CR4: 0000000000f50ef0
ago 11 18:09:32 localhost.localdomain kernel: PKRU: 55555554
ago 11 18:09:32 localhost.localdomain kernel: Call Trace:
ago 11 18:09:32 localhost.localdomain kernel:  <TASK>
ago 11 18:09:32 localhost.localdomain kernel:  intel_tc_port_update_mode+0x21a/0x3a0
ago 11 18:09:32 localhost.localdomain kernel:  ? __cancel_work+0x3b/0x100
ago 11 18:09:32 localhost.localdomain kernel:  __intel_tc_port_lock+0xc3/0x130
ago 11 18:09:32 localhost.localdomain kernel:  intel_digital_port_connected+0x2d/0xa0
ago 11 18:09:32 localhost.localdomain kernel:  intel_dp_detect+0x10a/0x900
ago 11 18:09:32 localhost.localdomain kernel:  drm_helper_probe_single_connector_modes+0x425/0x690
ago 11 18:09:32 localhost.localdomain kernel:  ? drm_atomic_get_property+0x157/0x230
ago 11 18:09:32 localhost.localdomain kernel:  drm_mode_getconnector+0x37a/0x480
ago 11 18:09:32 localhost.localdomain kernel:  ? __pfx_drm_mode_getconnector+0x10/0x10
ago 11 18:09:32 localhost.localdomain kernel:  drm_ioctl_kernel+0xa9/0x100
ago 11 18:09:32 localhost.localdomain kernel:  drm_ioctl+0x226/0x4d0
ago 11 18:09:32 localhost.localdomain kernel:  ? __pfx_drm_mode_getconnector+0x10/0x10
ago 11 18:09:32 localhost.localdomain kernel:  __x64_sys_ioctl+0x91/0xe0
ago 11 18:09:32 localhost.localdomain kernel:  do_syscall_64+0xee/0x590
ago 11 18:09:32 localhost.localdomain kernel:  entry_SYSCALL_64_after_hwframe+0x77/0x7f
ago 11 18:09:32 localhost.localdomain kernel: RIP: 0033:0x7efdb06bd91b
ago 11 18:09:32 localhost.localdomain kernel: Code: 00 48 89 44 24 18 31 c0 48 8d 44 24 60 c7 04 24 10 00 00 00 48 89 44 24 08 48 8d 44 24 20 48 89 44 24 10 b8 10 00 00 00 0f 05 <89> c2 3d 00 f0 ff ff 77 1c 48 8b 44 24 18 64 48 2b 04 25 28 00 00
ago 11 18:09:32 localhost.localdomain kernel: RSP: 002b:00007efd87ee12c0 EFLAGS: 00000246 ORIG_RAX: 0000000000000010
ago 11 18:09:32 localhost.localdomain kernel: RAX: ffffffffffffffda RBX: 00007efd8002b6b0 RCX: 00007efdb06bd91b
ago 11 18:09:32 localhost.localdomain kernel: RDX: 00007efd87ee1360 RSI: 00000000c05064a7 RDI: 000000000000000c
ago 11 18:09:32 localhost.localdomain kernel: RBP: 00007efd87ee1360 R08: 0000000000000060 R09: 0000000000000008
ago 11 18:09:32 localhost.localdomain kernel: R10: 00007efd8002dd10 R11: 0000000000000246 R12: 00000000c05064a7
ago 11 18:09:32 localhost.localdomain kernel: R13: 000000000000000c R14: 00000000c05064a7 R15: 00007efd87ee1360
ago 11 18:09:32 localhost.localdomain kernel:  </TASK>
ago 11 18:09:32 localhost.localdomain kernel: ---[ end trace 0000000000000000 ]---
ago 11 18:09:32 localhost.localdomain kernel: ------------[ cut here ]------------
ago 11 18:09:32 localhost.localdomain kernel: i915 0000:00:02.0: [drm] drm_WARN_ON(val == 0xffffffff)
ago 11 18:09:32 localhost.localdomain kernel: WARNING: drivers/gpu/drm/i915/display/intel_tc.c:315 at get_pin_assignment+0x1a9/0x210, CPU#3: KMS thread/891
ago 11 18:09:32 localhost.localdomain kernel: Modules linked in: intel_ipu6_isys videobuf2_dma_sg videobuf2_memops videobuf2_v4l2 videobuf2_common iwlmvm mac80211 libarc4 iwlwifi x86_pkg_temp_thermal cfg80211 intel_ipu6 ipu_bridge intel_skl_int3472_tps68470 mfd_core gc8034 gc5035 intel_skl_int3472_discrete v4l2_cci intel_skl_int3472_common regmap_i2c
ago 11 18:09:32 localhost.localdomain kernel: CPU: 3 UID: 103 PID: 891 Comm: KMS thread Tainted: G S      W           7.2.0-rc7-intelcam-geffb39a5b9a0 #3 PREEMPT(lazy) 
ago 11 18:09:32 localhost.localdomain kernel: Tainted: [S]=CPU_OUT_OF_SPEC, [W]=WARN
ago 11 18:09:32 localhost.localdomain kernel: Hardware name: CHUWI Innovation And Technology(ShenZhen)co.,Ltd Hi10 X1/Default string, BIOS SA10C.N1195.24071902.014 09/20/2024
ago 11 18:09:32 localhost.localdomain kernel: RIP: 0010:get_pin_assignment+0x1b3/0x210
ago 11 18:09:32 localhost.localdomain kernel: Code: 85 ff 74 04 48 8b 7f 08 4c 8b 6f 50 4d 85 ed 74 23 e8 91 9c 0b 00 48 89 c6 48 8d 3d f7 9b 2c 01 48 c7 c1 50 00 25 ae 4c 89 ea <67> 48 0f b9 3a e9 2f ff ff ff 4c 8b 2f eb d8 48 8b 7d 00 48 85 ff
ago 11 18:09:32 localhost.localdomain kernel: RSP: 0018:ffffa6ae81be3ac0 EFLAGS: 00010286
ago 11 18:09:32 localhost.localdomain kernel: RAX: ffffffffae2e4942 RBX: 00000000ffffffff RCX: ffffffffae250050
ago 11 18:09:32 localhost.localdomain kernel: RDX: ffffa40141327280 RSI: ffffffffae2e4942 RDI: ffffffffae6d4ee0
ago 11 18:09:32 localhost.localdomain kernel: RBP: ffffa40141072000 R08: 0000000000000000 R09: 0000000000000001
ago 11 18:09:32 localhost.localdomain kernel: R10: 0000000cce4d4de6 R11: 0000000000000016 R12: ffffa40140fa1200
ago 11 18:09:32 localhost.localdomain kernel: R13: ffffa40141327280 R14: 000000000000000f R15: 000000000000000f
ago 11 18:09:32 localhost.localdomain kernel: FS:  00007efd87ee26c0(0000) GS:ffffa40308c51000(0000) knlGS:0000000000000000
ago 11 18:09:32 localhost.localdomain kernel: CS:  0010 DS: 0000 ES: 0000 CR0: 0000000080050033
ago 11 18:09:32 localhost.localdomain kernel: CR2: 00007efd8002e4e0 CR3: 0000000117830000 CR4: 0000000000f50ef0
ago 11 18:09:32 localhost.localdomain kernel: PKRU: 55555554
ago 11 18:09:32 localhost.localdomain kernel: Call Trace:
ago 11 18:09:32 localhost.localdomain kernel:  <TASK>
ago 11 18:09:32 localhost.localdomain kernel:  read_pin_configuration+0xe/0x200
ago 11 18:09:32 localhost.localdomain kernel:  adlp_tc_phy_connect+0x155/0x1e0
ago 11 18:09:32 localhost.localdomain kernel:  intel_tc_port_update_mode+0x21a/0x3a0
ago 11 18:09:32 localhost.localdomain kernel:  ? __cancel_work+0x3b/0x100
ago 11 18:09:32 localhost.localdomain kernel:  __intel_tc_port_lock+0xc3/0x130
ago 11 18:09:32 localhost.localdomain kernel:  intel_digital_port_connected+0x2d/0xa0
ago 11 18:09:32 localhost.localdomain kernel:  intel_dp_detect+0x10a/0x900
ago 11 18:09:32 localhost.localdomain kernel:  drm_helper_probe_single_connector_modes+0x425/0x690
ago 11 18:09:32 localhost.localdomain kernel:  ? drm_atomic_get_property+0x157/0x230
ago 11 18:09:32 localhost.localdomain kernel:  drm_mode_getconnector+0x37a/0x480
ago 11 18:09:32 localhost.localdomain kernel:  ? __pfx_drm_mode_getconnector+0x10/0x10
ago 11 18:09:32 localhost.localdomain kernel:  drm_ioctl_kernel+0xa9/0x100
ago 11 18:09:32 localhost.localdomain kernel:  drm_ioctl+0x226/0x4d0
ago 11 18:09:32 localhost.localdomain kernel:  ? __pfx_drm_mode_getconnector+0x10/0x10
ago 11 18:09:32 localhost.localdomain kernel:  __x64_sys_ioctl+0x91/0xe0
ago 11 18:09:32 localhost.localdomain kernel:  do_syscall_64+0xee/0x590
ago 11 18:09:32 localhost.localdomain kernel:  entry_SYSCALL_64_after_hwframe+0x77/0x7f
ago 11 18:09:32 localhost.localdomain kernel: RIP: 0033:0x7efdb06bd91b
ago 11 18:09:32 localhost.localdomain kernel: Code: 00 48 89 44 24 18 31 c0 48 8d 44 24 60 c7 04 24 10 00 00 00 48 89 44 24 08 48 8d 44 24 20 48 89 44 24 10 b8 10 00 00 00 0f 05 <89> c2 3d 00 f0 ff ff 77 1c 48 8b 44 24 18 64 48 2b 04 25 28 00 00
ago 11 18:09:32 localhost.localdomain kernel: RSP: 002b:00007efd87ee12c0 EFLAGS: 00000246 ORIG_RAX: 0000000000000010
ago 11 18:09:32 localhost.localdomain kernel: RAX: ffffffffffffffda RBX: 00007efd8002b6b0 RCX: 00007efdb06bd91b
ago 11 18:09:32 localhost.localdomain kernel: RDX: 00007efd87ee1360 RSI: 00000000c05064a7 RDI: 000000000000000c
ago 11 18:09:32 localhost.localdomain kernel: RBP: 00007efd87ee1360 R08: 0000000000000060 R09: 0000000000000008
ago 11 18:09:32 localhost.localdomain kernel: R10: 00007efd8002dd10 R11: 0000000000000246 R12: 00000000c05064a7
ago 11 18:09:32 localhost.localdomain kernel: R13: 000000000000000c R14: 00000000c05064a7 R15: 00007efd87ee1360
ago 11 18:09:32 localhost.localdomain kernel:  </TASK>
ago 11 18:09:32 localhost.localdomain kernel: ---[ end trace 0000000000000000 ]---
ago 11 18:09:32 localhost.localdomain kernel: ------------[ cut here ]------------
ago 11 18:09:32 localhost.localdomain kernel: Missing case (pin_assignment == 15)
ago 11 18:09:32 localhost.localdomain kernel: WARNING: drivers/gpu/drm/i915/display/intel_tc.c:332 at get_pin_assignment+0x153/0x210, CPU#3: KMS thread/891
ago 11 18:09:32 localhost.localdomain kernel: Modules linked in: intel_ipu6_isys videobuf2_dma_sg videobuf2_memops videobuf2_v4l2 videobuf2_common iwlmvm mac80211 libarc4 iwlwifi x86_pkg_temp_thermal cfg80211 intel_ipu6 ipu_bridge intel_skl_int3472_tps68470 mfd_core gc8034 gc5035 intel_skl_int3472_discrete v4l2_cci intel_skl_int3472_common regmap_i2c
ago 11 18:09:32 localhost.localdomain kernel: CPU: 3 UID: 103 PID: 891 Comm: KMS thread Tainted: G S      W           7.2.0-rc7-intelcam-geffb39a5b9a0 #3 PREEMPT(lazy) 
ago 11 18:09:32 localhost.localdomain kernel: Tainted: [S]=CPU_OUT_OF_SPEC, [W]=WARN
ago 11 18:09:32 localhost.localdomain kernel: Hardware name: CHUWI Innovation And Technology(ShenZhen)co.,Ltd Hi10 X1/Default string, BIOS SA10C.N1195.24071902.014 09/20/2024
ago 11 18:09:32 localhost.localdomain kernel: RIP: 0010:get_pin_assignment+0x15c/0x210
ago 11 18:09:32 localhost.localdomain kernel: Code: 00 15 16 00 41 be 00 00 00 1e 41 bf 00 00 00 1e e9 3d ff ff ff 83 fb 06 74 c3 48 8d 3d 3d 9c 2c 01 48 c7 c6 23 0b 2e ae 89 da <67> 48 0f b9 3a 89 d8 5b 5d 41 5c 41 5d 41 5e 41 5f c3 cc cc cc cc
ago 11 18:09:32 localhost.localdomain kernel: RSP: 0018:ffffa6ae81be3ac0 EFLAGS: 00010206
ago 11 18:09:32 localhost.localdomain kernel: RAX: 0000000000000001 RBX: 000000000000000f RCX: 0000000000000000
ago 11 18:09:32 localhost.localdomain kernel: RDX: 000000000000000f RSI: ffffffffae2e0b23 RDI: ffffffffae6d4ed0
ago 11 18:09:32 localhost.localdomain kernel: RBP: ffffa40141072000 R08: 0000000000000000 R09: 0000000000000001
ago 11 18:09:32 localhost.localdomain kernel: R10: 0000000cce4d4de6 R11: 0000000000000016 R12: ffffa40140fa1200
ago 11 18:09:32 localhost.localdomain kernel: R13: ffffa40141327280 R14: 000000000000000f R15: 000000000000000f
ago 11 18:09:32 localhost.localdomain kernel: FS:  00007efd87ee26c0(0000) GS:ffffa40308c51000(0000) knlGS:0000000000000000
ago 11 18:09:32 localhost.localdomain kernel: CS:  0010 DS: 0000 ES: 0000 CR0: 0000000080050033
ago 11 18:09:32 localhost.localdomain kernel: CR2: 00007efd8002e4e0 CR3: 0000000117830000 CR4: 0000000000f50ef0
ago 11 18:09:32 localhost.localdomain kernel: PKRU: 55555554
ago 11 18:09:32 localhost.localdomain kernel: Call Trace:
ago 11 18:09:32 localhost.localdomain kernel:  <TASK>
ago 11 18:09:32 localhost.localdomain kernel:  read_pin_configuration+0xe/0x200
ago 11 18:09:32 localhost.localdomain kernel:  adlp_tc_phy_connect+0x155/0x1e0
ago 11 18:09:32 localhost.localdomain kernel:  intel_tc_port_update_mode+0x21a/0x3a0
ago 11 18:09:32 localhost.localdomain kernel:  ? __cancel_work+0x3b/0x100
ago 11 18:09:32 localhost.localdomain kernel:  __intel_tc_port_lock+0xc3/0x130
ago 11 18:09:32 localhost.localdomain kernel:  intel_digital_port_connected+0x2d/0xa0
ago 11 18:09:32 localhost.localdomain kernel:  intel_dp_detect+0x10a/0x900
ago 11 18:09:32 localhost.localdomain kernel:  drm_helper_probe_single_connector_modes+0x425/0x690
ago 11 18:09:32 localhost.localdomain kernel:  ? drm_atomic_get_property+0x157/0x230
ago 11 18:09:32 localhost.localdomain kernel:  drm_mode_getconnector+0x37a/0x480
ago 11 18:09:32 localhost.localdomain kernel:  ? __pfx_drm_mode_getconnector+0x10/0x10
ago 11 18:09:32 localhost.localdomain kernel:  drm_ioctl_kernel+0xa9/0x100
ago 11 18:09:32 localhost.localdomain kernel:  drm_ioctl+0x226/0x4d0
ago 11 18:09:32 localhost.localdomain kernel:  ? __pfx_drm_mode_getconnector+0x10/0x10
ago 11 18:09:32 localhost.localdomain kernel:  __x64_sys_ioctl+0x91/0xe0
ago 11 18:09:32 localhost.localdomain kernel:  do_syscall_64+0xee/0x590
ago 11 18:09:32 localhost.localdomain kernel:  entry_SYSCALL_64_after_hwframe+0x77/0x7f
ago 11 18:09:32 localhost.localdomain kernel: RIP: 0033:0x7efdb06bd91b
ago 11 18:09:32 localhost.localdomain kernel: Code: 00 48 89 44 24 18 31 c0 48 8d 44 24 60 c7 04 24 10 00 00 00 48 89 44 24 08 48 8d 44 24 20 48 89 44 24 10 b8 10 00 00 00 0f 05 <89> c2 3d 00 f0 ff ff 77 1c 48 8b 44 24 18 64 48 2b 04 25 28 00 00
ago 11 18:09:32 localhost.localdomain kernel: RSP: 002b:00007efd87ee12c0 EFLAGS: 00000246 ORIG_RAX: 0000000000000010
ago 11 18:09:32 localhost.localdomain kernel: RAX: ffffffffffffffda RBX: 00007efd8002b6b0 RCX: 00007efdb06bd91b
ago 11 18:09:32 localhost.localdomain kernel: RDX: 00007efd87ee1360 RSI: 00000000c05064a7 RDI: 000000000000000c
ago 11 18:09:32 localhost.localdomain kernel: RBP: 00007efd87ee1360 R08: 0000000000000060 R09: 0000000000000008
ago 11 18:09:32 localhost.localdomain kernel: R10: 00007efd8002dd10 R11: 0000000000000246 R12: 00000000c05064a7
ago 11 18:09:32 localhost.localdomain kernel: R13: 000000000000000c R14: 00000000c05064a7 R15: 00007efd87ee1360
ago 11 18:09:32 localhost.localdomain kernel:  </TASK>
ago 11 18:09:32 localhost.localdomain kernel: ---[ end trace 0000000000000000 ]---
ago 11 18:09:32 localhost.localdomain kernel: usb 1-4: USB disconnect, device number 3
ago 11 18:09:34 localhost.localdomain kernel: usb 1-4: new full-speed USB device number 7 using xhci_hcd
ago 11 18:09:34 localhost.localdomain kernel: usb 1-4: New USB device found, idVendor=1234, idProduct=abcd, bcdDevice= 0.00
ago 11 18:09:34 localhost.localdomain kernel: usb 1-4: New USB device strings: Mfr=1, Product=2, SerialNumber=0
ago 11 18:09:34 localhost.localdomain kernel: usb 1-4: Product: TCA9537-B32
ago 11 18:09:34 localhost.localdomain kernel: usb 1-4: Manufacturer: NYM
ago 11 18:09:34 localhost.localdomain kernel: input: NYM TCA9537-B32 Touchscreen as /devices/pci0000:00/0000:00:14.0/usb1/1-4/1-4:1.0/0003:1234:ABCD.0005/input/input11
ago 11 18:09:34 localhost.localdomain kernel: hid-generic 0003:1234:ABCD.0005: input,hiddev97,hidraw1: USB HID v1.00 Device [NYM TCA9537-B32] on usb-0000:00:14.0-4/input0
ago 11 18:10:23 localhost.localdomain kernel: usb 1-1.4: USB disconnect, device number 6
ago 11 18:10:23 localhost.localdomain kernel: usb 1-1: USB disconnect, device number 5
ago 11 18:10:23 localhost.localdomain kernel: usb 1-1: new full-speed USB device number 8 using xhci_hcd
ago 11 18:10:23 localhost.localdomain kernel: usb 1-1: device descriptor read/64, error -71
ago 11 18:10:24 localhost.localdomain kernel: usb 1-1: device descriptor read/64, error -71
ago 11 18:10:24 localhost.localdomain kernel: usb 1-1: new full-speed USB device number 9 using xhci_hcd
ago 11 18:10:24 localhost.localdomain kernel: usb 1-1: device descriptor read/64, error -71
ago 11 18:10:24 localhost.localdomain kernel: usb 1-1: device descriptor read/64, error -71
ago 11 18:10:24 localhost.localdomain kernel: usb usb1-port1: attempt power cycle
ago 11 18:10:25 localhost.localdomain kernel: usb 1-1: new full-speed USB device number 10 using xhci_hcd
ago 11 18:10:25 localhost.localdomain kernel: usb 1-1: Device not responding to setup address.
ago 11 18:10:25 localhost.localdomain kernel: usb 1-1: Device not responding to setup address.
ago 11 18:10:25 localhost.localdomain kernel: usb 1-1: device not accepting address 10, error -71
ago 11 18:10:25 localhost.localdomain kernel: usb 1-1: WARN: invalid context state for evaluate context command.
ago 11 18:10:25 localhost.localdomain kernel: usb 1-1: new full-speed USB device number 11 using xhci_hcd
ago 11 18:10:25 localhost.localdomain kernel: usb 1-1: Device not responding to setup address.
ago 11 18:10:25 localhost.localdomain kernel: usb 1-1: Device not responding to setup address.
ago 11 18:10:26 localhost.localdomain kernel: usb 1-1: device not accepting address 11, error -71
ago 11 18:10:26 localhost.localdomain kernel: usb 1-1: WARN: invalid context state for evaluate context command.
ago 11 18:10:26 localhost.localdomain kernel: usb usb1-port1: unable to enumerate USB device
ago 11 18:10:34 localhost.localdomain kernel: ------------[ cut here ]------------
ago 11 18:10:34 localhost.localdomain kernel: i915 0000:00:02.0: [drm] drm_WARN_ON(tc->mode == TC_PORT_LEGACY)
ago 11 18:10:34 localhost.localdomain kernel: WARNING: drivers/gpu/drm/i915/display/intel_tc.c:933 at adlp_tc_phy_connect+0x10b/0x1e0, CPU#3: KMS thread/891
ago 11 18:10:34 localhost.localdomain kernel: Modules linked in: intel_ipu6_isys videobuf2_dma_sg videobuf2_memops videobuf2_v4l2 videobuf2_common iwlmvm mac80211 libarc4 iwlwifi x86_pkg_temp_thermal cfg80211 intel_ipu6 ipu_bridge intel_skl_int3472_tps68470 mfd_core gc8034 gc5035 intel_skl_int3472_discrete v4l2_cci intel_skl_int3472_common regmap_i2c
ago 11 18:10:34 localhost.localdomain kernel: CPU: 3 UID: 103 PID: 891 Comm: KMS thread Tainted: G S      W           7.2.0-rc7-intelcam-geffb39a5b9a0 #3 PREEMPT(lazy) 
ago 11 18:10:34 localhost.localdomain kernel: Tainted: [S]=CPU_OUT_OF_SPEC, [W]=WARN
ago 11 18:10:34 localhost.localdomain kernel: Hardware name: CHUWI Innovation And Technology(ShenZhen)co.,Ltd Hi10 X1/Default string, BIOS SA10C.N1195.24071902.014 09/20/2024
ago 11 18:10:34 localhost.localdomain kernel: RIP: 0010:adlp_tc_phy_connect+0x115/0x1e0
ago 11 18:10:34 localhost.localdomain kernel: Code: 48 8b 7f 08 4c 8b 77 50 4d 85 f6 0f 84 d7 00 00 00 e8 7f 94 0b 00 48 89 c6 48 8d 3d 55 94 2c 01 48 c7 c1 f8 ff 24 ae 4c 89 f2 <67> 48 0f b9 3a 48 8b 03 4c 8b 30 4d 85 f6 74 0b 4c 89 f7 e8 e3 39
ago 11 18:10:34 localhost.localdomain kernel: RSP: 0018:ffffa6ae81be3b20 EFLAGS: 00010286
ago 11 18:10:34 localhost.localdomain kernel: RAX: ffffffffae2e4942 RBX: ffffa40140fa1200 RCX: ffffffffae24fff8
ago 11 18:10:34 localhost.localdomain kernel: RDX: ffffa40141327280 RSI: ffffffffae2e4942 RDI: ffffffffae6d4f50
ago 11 18:10:34 localhost.localdomain kernel: RBP: ffffa40141072000 R08: 0000000000000000 R09: ffffa40141072000
ago 11 18:10:34 localhost.localdomain kernel: R10: 0000000000000000 R11: 0000000000000000 R12: 0000000000000019
ago 11 18:10:34 localhost.localdomain kernel: R13: 0000000000000001 R14: ffffa40141327280 R15: 0000000000000000
ago 11 18:10:34 localhost.localdomain kernel: FS:  00007efd87ee26c0(0000) GS:ffffa40308c51000(0000) knlGS:0000000000000000
ago 11 18:10:34 localhost.localdomain kernel: CS:  0010 DS: 0000 ES: 0000 CR0: 0000000080050033
ago 11 18:10:34 localhost.localdomain kernel: CR2: 000055a07f734020 CR3: 0000000117830000 CR4: 0000000000f50ef0
ago 11 18:10:34 localhost.localdomain kernel: PKRU: 55555554
ago 11 18:10:34 localhost.localdomain kernel: Call Trace:
ago 11 18:10:34 localhost.localdomain kernel:  <TASK>
ago 11 18:10:34 localhost.localdomain kernel:  intel_tc_port_update_mode+0x21a/0x3a0
ago 11 18:10:34 localhost.localdomain kernel:  ? __cancel_work+0x3b/0x100
ago 11 18:10:34 localhost.localdomain kernel:  __intel_tc_port_lock+0xc3/0x130
ago 11 18:10:34 localhost.localdomain kernel:  intel_digital_port_connected+0x2d/0xa0
ago 11 18:10:34 localhost.localdomain kernel:  intel_dp_detect+0x10a/0x900
ago 11 18:10:34 localhost.localdomain kernel:  drm_helper_probe_single_connector_modes+0x425/0x690
ago 11 18:10:34 localhost.localdomain kernel:  ? drm_atomic_get_property+0x157/0x230
ago 11 18:10:34 localhost.localdomain kernel:  drm_mode_getconnector+0x37a/0x480
ago 11 18:10:34 localhost.localdomain kernel:  ? __drm_mode_object_find+0x9a/0xf0
ago 11 18:10:34 localhost.localdomain kernel:  ? __pfx_drm_mode_getconnector+0x10/0x10
ago 11 18:10:34 localhost.localdomain kernel:  drm_ioctl_kernel+0xa9/0x100
ago 11 18:10:34 localhost.localdomain kernel:  drm_ioctl+0x226/0x4d0
ago 11 18:10:34 localhost.localdomain kernel:  ? __pfx_drm_mode_getconnector+0x10/0x10
ago 11 18:10:34 localhost.localdomain kernel:  __x64_sys_ioctl+0x91/0xe0
ago 11 18:10:34 localhost.localdomain kernel:  do_syscall_64+0xee/0x590
ago 11 18:10:34 localhost.localdomain kernel:  entry_SYSCALL_64_after_hwframe+0x77/0x7f
ago 11 18:10:34 localhost.localdomain kernel: RIP: 0033:0x7efdb06bd91b
ago 11 18:10:34 localhost.localdomain kernel: Code: 00 48 89 44 24 18 31 c0 48 8d 44 24 60 c7 04 24 10 00 00 00 48 89 44 24 08 48 8d 44 24 20 48 89 44 24 10 b8 10 00 00 00 0f 05 <89> c2 3d 00 f0 ff ff 77 1c 48 8b 44 24 18 64 48 2b 04 25 28 00 00
ago 11 18:10:34 localhost.localdomain kernel: RSP: 002b:00007efd87ee12c0 EFLAGS: 00000246 ORIG_RAX: 0000000000000010
ago 11 18:10:34 localhost.localdomain kernel: RAX: ffffffffffffffda RBX: 00007efd80035d10 RCX: 00007efdb06bd91b
ago 11 18:10:34 localhost.localdomain kernel: RDX: 00007efd87ee1360 RSI: 00000000c05064a7 RDI: 000000000000000c
ago 11 18:10:34 localhost.localdomain kernel: RBP: 00007efd87ee1360 R08: 0000000000000060 R09: 0000000000000008
ago 11 18:10:34 localhost.localdomain kernel: R10: 00007efd8002dd10 R11: 0000000000000246 R12: 00000000c05064a7
ago 11 18:10:34 localhost.localdomain kernel: R13: 000000000000000c R14: 00000000c05064a7 R15: 00007efd87ee1360
ago 11 18:10:34 localhost.localdomain kernel:  </TASK>
ago 11 18:10:34 localhost.localdomain kernel: ---[ end trace 0000000000000000 ]---
ago 11 18:10:35 localhost.localdomain kernel: ------------[ cut here ]------------
ago 11 18:10:35 localhost.localdomain kernel: i915 0000:00:02.0: [drm] drm_WARN_ON(val == 0xffffffff)
ago 11 18:10:35 localhost.localdomain kernel: WARNING: drivers/gpu/drm/i915/display/intel_tc.c:315 at get_pin_assignment+0x1a9/0x210, CPU#3: KMS thread/891
ago 11 18:10:35 localhost.localdomain kernel: Modules linked in: intel_ipu6_isys videobuf2_dma_sg videobuf2_memops videobuf2_v4l2 videobuf2_common iwlmvm mac80211 libarc4 iwlwifi x86_pkg_temp_thermal cfg80211 intel_ipu6 ipu_bridge intel_skl_int3472_tps68470 mfd_core gc8034 gc5035 intel_skl_int3472_discrete v4l2_cci intel_skl_int3472_common regmap_i2c
ago 11 18:10:35 localhost.localdomain kernel: CPU: 3 UID: 103 PID: 891 Comm: KMS thread Tainted: G S      W           7.2.0-rc7-intelcam-geffb39a5b9a0 #3 PREEMPT(lazy) 
ago 11 18:10:35 localhost.localdomain kernel: Tainted: [S]=CPU_OUT_OF_SPEC, [W]=WARN
ago 11 18:10:35 localhost.localdomain kernel: Hardware name: CHUWI Innovation And Technology(ShenZhen)co.,Ltd Hi10 X1/Default string, BIOS SA10C.N1195.24071902.014 09/20/2024
ago 11 18:10:35 localhost.localdomain kernel: RIP: 0010:get_pin_assignment+0x1b3/0x210
ago 11 18:10:35 localhost.localdomain kernel: Code: 85 ff 74 04 48 8b 7f 08 4c 8b 6f 50 4d 85 ed 74 23 e8 91 9c 0b 00 48 89 c6 48 8d 3d f7 9b 2c 01 48 c7 c1 50 00 25 ae 4c 89 ea <67> 48 0f b9 3a e9 2f ff ff ff 4c 8b 2f eb d8 48 8b 7d 00 48 85 ff
ago 11 18:10:35 localhost.localdomain kernel: RSP: 0018:ffffa6ae81be3ac0 EFLAGS: 00010286
ago 11 18:10:35 localhost.localdomain kernel: RAX: ffffffffae2e4942 RBX: 00000000ffffffff RCX: ffffffffae250050
ago 11 18:10:35 localhost.localdomain kernel: RDX: ffffa40141327280 RSI: ffffffffae2e4942 RDI: ffffffffae6d4ee0
ago 11 18:10:35 localhost.localdomain kernel: RBP: ffffa40141072000 R08: 0000000000000000 R09: 0000000000000001
ago 11 18:10:35 localhost.localdomain kernel: R10: 00000018867b97e6 R11: 0000000000000016 R12: ffffa40140fa1200
ago 11 18:10:35 localhost.localdomain kernel: R13: ffffa40141327280 R14: 000000000000000f R15: 000000000000000f
ago 11 18:10:35 localhost.localdomain kernel: FS:  00007efd87ee26c0(0000) GS:ffffa40308c51000(0000) knlGS:0000000000000000
ago 11 18:10:35 localhost.localdomain kernel: CS:  0010 DS: 0000 ES: 0000 CR0: 0000000080050033
ago 11 18:10:35 localhost.localdomain kernel: CR2: 000055a07f734020 CR3: 0000000117830000 CR4: 0000000000f50ef0
ago 11 18:10:35 localhost.localdomain kernel: PKRU: 55555554
ago 11 18:10:35 localhost.localdomain kernel: Call Trace:
ago 11 18:10:35 localhost.localdomain kernel:  <TASK>
ago 11 18:10:35 localhost.localdomain kernel:  read_pin_configuration+0xe/0x200
ago 11 18:10:35 localhost.localdomain kernel:  adlp_tc_phy_connect+0x155/0x1e0
ago 11 18:10:35 localhost.localdomain kernel:  intel_tc_port_update_mode+0x21a/0x3a0
ago 11 18:10:35 localhost.localdomain kernel:  ? __cancel_work+0x3b/0x100
ago 11 18:10:35 localhost.localdomain kernel:  __intel_tc_port_lock+0xc3/0x130
ago 11 18:10:35 localhost.localdomain kernel:  intel_digital_port_connected+0x2d/0xa0
ago 11 18:10:35 localhost.localdomain kernel:  intel_dp_detect+0x10a/0x900
ago 11 18:10:35 localhost.localdomain kernel:  drm_helper_probe_single_connector_modes+0x425/0x690
ago 11 18:10:35 localhost.localdomain kernel:  ? drm_atomic_get_property+0x157/0x230
ago 11 18:10:35 localhost.localdomain kernel:  drm_mode_getconnector+0x37a/0x480
ago 11 18:10:35 localhost.localdomain kernel:  ? __drm_mode_object_find+0x9a/0xf0
ago 11 18:10:35 localhost.localdomain kernel:  ? __pfx_drm_mode_getconnector+0x10/0x10
ago 11 18:10:35 localhost.localdomain kernel:  drm_ioctl_kernel+0xa9/0x100
ago 11 18:10:35 localhost.localdomain kernel:  drm_ioctl+0x226/0x4d0
ago 11 18:10:35 localhost.localdomain kernel:  ? __pfx_drm_mode_getconnector+0x10/0x10
ago 11 18:10:35 localhost.localdomain kernel:  __x64_sys_ioctl+0x91/0xe0
ago 11 18:10:35 localhost.localdomain kernel:  do_syscall_64+0xee/0x590
ago 11 18:10:35 localhost.localdomain kernel:  entry_SYSCALL_64_after_hwframe+0x77/0x7f
ago 11 18:10:35 localhost.localdomain kernel: RIP: 0033:0x7efdb06bd91b
ago 11 18:10:35 localhost.localdomain kernel: Code: 00 48 89 44 24 18 31 c0 48 8d 44 24 60 c7 04 24 10 00 00 00 48 89 44 24 08 48 8d 44 24 20 48 89 44 24 10 b8 10 00 00 00 0f 05 <89> c2 3d 00 f0 ff ff 77 1c 48 8b 44 24 18 64 48 2b 04 25 28 00 00
ago 11 18:10:35 localhost.localdomain kernel: RSP: 002b:00007efd87ee12c0 EFLAGS: 00000246 ORIG_RAX: 0000000000000010
ago 11 18:10:35 localhost.localdomain kernel: RAX: ffffffffffffffda RBX: 00007efd80035d10 RCX: 00007efdb06bd91b
ago 11 18:10:35 localhost.localdomain kernel: RDX: 00007efd87ee1360 RSI: 00000000c05064a7 RDI: 000000000000000c
ago 11 18:10:35 localhost.localdomain kernel: RBP: 00007efd87ee1360 R08: 0000000000000060 R09: 0000000000000008
ago 11 18:10:35 localhost.localdomain kernel: R10: 00007efd8002dd10 R11: 0000000000000246 R12: 00000000c05064a7
ago 11 18:10:35 localhost.localdomain kernel: R13: 000000000000000c R14: 00000000c05064a7 R15: 00007efd87ee1360
ago 11 18:10:35 localhost.localdomain kernel:  </TASK>
ago 11 18:10:35 localhost.localdomain kernel: ---[ end trace 0000000000000000 ]---
ago 11 18:10:35 localhost.localdomain kernel: ------------[ cut here ]------------
ago 11 18:10:35 localhost.localdomain kernel: Missing case (pin_assignment == 15)
ago 11 18:10:35 localhost.localdomain kernel: WARNING: drivers/gpu/drm/i915/display/intel_tc.c:332 at get_pin_assignment+0x153/0x210, CPU#3: KMS thread/891
ago 11 18:10:35 localhost.localdomain kernel: Modules linked in: intel_ipu6_isys videobuf2_dma_sg videobuf2_memops videobuf2_v4l2 videobuf2_common iwlmvm mac80211 libarc4 iwlwifi x86_pkg_temp_thermal cfg80211 intel_ipu6 ipu_bridge intel_skl_int3472_tps68470 mfd_core gc8034 gc5035 intel_skl_int3472_discrete v4l2_cci intel_skl_int3472_common regmap_i2c
ago 11 18:10:35 localhost.localdomain kernel: CPU: 3 UID: 103 PID: 891 Comm: KMS thread Tainted: G S      W           7.2.0-rc7-intelcam-geffb39a5b9a0 #3 PREEMPT(lazy) 
ago 11 18:10:35 localhost.localdomain kernel: Tainted: [S]=CPU_OUT_OF_SPEC, [W]=WARN
ago 11 18:10:35 localhost.localdomain kernel: Hardware name: CHUWI Innovation And Technology(ShenZhen)co.,Ltd Hi10 X1/Default string, BIOS SA10C.N1195.24071902.014 09/20/2024
ago 11 18:10:35 localhost.localdomain kernel: RIP: 0010:get_pin_assignment+0x15c/0x210
ago 11 18:10:35 localhost.localdomain kernel: Code: 00 15 16 00 41 be 00 00 00 1e 41 bf 00 00 00 1e e9 3d ff ff ff 83 fb 06 74 c3 48 8d 3d 3d 9c 2c 01 48 c7 c6 23 0b 2e ae 89 da <67> 48 0f b9 3a 89 d8 5b 5d 41 5c 41 5d 41 5e 41 5f c3 cc cc cc cc
ago 11 18:10:35 localhost.localdomain kernel: RSP: 0018:ffffa6ae81be3ac0 EFLAGS: 00010206
ago 11 18:10:35 localhost.localdomain kernel: RAX: 0000000000000001 RBX: 000000000000000f RCX: 0000000000000000
ago 11 18:10:35 localhost.localdomain kernel: RDX: 000000000000000f RSI: ffffffffae2e0b23 RDI: ffffffffae6d4ed0
ago 11 18:10:35 localhost.localdomain kernel: RBP: ffffa40141072000 R08: 0000000000000000 R09: 0000000000000001
ago 11 18:10:35 localhost.localdomain kernel: R10: 00000018867b97e6 R11: 0000000000000016 R12: ffffa40140fa1200
ago 11 18:10:35 localhost.localdomain kernel: R13: ffffa40141327280 R14: 000000000000000f R15: 000000000000000f
ago 11 18:10:35 localhost.localdomain kernel: FS:  00007efd87ee26c0(0000) GS:ffffa40308c51000(0000) knlGS:0000000000000000
ago 11 18:10:35 localhost.localdomain kernel: CS:  0010 DS: 0000 ES: 0000 CR0: 0000000080050033
ago 11 18:10:35 localhost.localdomain kernel: CR2: 000055a07f734020 CR3: 0000000117830000 CR4: 0000000000f50ef0
ago 11 18:10:35 localhost.localdomain kernel: PKRU: 55555554
ago 11 18:10:35 localhost.localdomain kernel: Call Trace:
ago 11 18:10:35 localhost.localdomain kernel:  <TASK>
ago 11 18:10:35 localhost.localdomain kernel:  read_pin_configuration+0xe/0x200
ago 11 18:10:35 localhost.localdomain kernel:  adlp_tc_phy_connect+0x155/0x1e0
ago 11 18:10:35 localhost.localdomain kernel:  intel_tc_port_update_mode+0x21a/0x3a0
ago 11 18:10:35 localhost.localdomain kernel:  ? __cancel_work+0x3b/0x100
ago 11 18:10:35 localhost.localdomain kernel:  __intel_tc_port_lock+0xc3/0x130
ago 11 18:10:35 localhost.localdomain kernel:  intel_digital_port_connected+0x2d/0xa0
ago 11 18:10:35 localhost.localdomain kernel:  intel_dp_detect+0x10a/0x900
ago 11 18:10:35 localhost.localdomain kernel:  drm_helper_probe_single_connector_modes+0x425/0x690
ago 11 18:10:35 localhost.localdomain kernel:  ? drm_atomic_get_property+0x157/0x230
ago 11 18:10:35 localhost.localdomain kernel:  drm_mode_getconnector+0x37a/0x480
ago 11 18:10:35 localhost.localdomain kernel:  ? __drm_mode_object_find+0x9a/0xf0
ago 11 18:10:35 localhost.localdomain kernel:  ? __pfx_drm_mode_getconnector+0x10/0x10
ago 11 18:10:35 localhost.localdomain kernel:  drm_ioctl_kernel+0xa9/0x100
ago 11 18:10:35 localhost.localdomain kernel:  drm_ioctl+0x226/0x4d0
ago 11 18:10:35 localhost.localdomain kernel:  ? __pfx_drm_mode_getconnector+0x10/0x10
ago 11 18:10:35 localhost.localdomain kernel:  __x64_sys_ioctl+0x91/0xe0
ago 11 18:10:35 localhost.localdomain kernel:  do_syscall_64+0xee/0x590
ago 11 18:10:35 localhost.localdomain kernel:  entry_SYSCALL_64_after_hwframe+0x77/0x7f
ago 11 18:10:35 localhost.localdomain kernel: RIP: 0033:0x7efdb06bd91b
ago 11 18:10:35 localhost.localdomain kernel: Code: 00 48 89 44 24 18 31 c0 48 8d 44 24 60 c7 04 24 10 00 00 00 48 89 44 24 08 48 8d 44 24 20 48 89 44 24 10 b8 10 00 00 00 0f 05 <89> c2 3d 00 f0 ff ff 77 1c 48 8b 44 24 18 64 48 2b 04 25 28 00 00
ago 11 18:10:35 localhost.localdomain kernel: RSP: 002b:00007efd87ee12c0 EFLAGS: 00000246 ORIG_RAX: 0000000000000010
ago 11 18:10:35 localhost.localdomain kernel: RAX: ffffffffffffffda RBX: 00007efd80035d10 RCX: 00007efdb06bd91b
ago 11 18:10:35 localhost.localdomain kernel: RDX: 00007efd87ee1360 RSI: 00000000c05064a7 RDI: 000000000000000c
ago 11 18:10:35 localhost.localdomain kernel: RBP: 00007efd87ee1360 R08: 0000000000000060 R09: 0000000000000008
ago 11 18:10:35 localhost.localdomain kernel: R10: 00007efd8002dd10 R11: 0000000000000246 R12: 00000000c05064a7
ago 11 18:10:35 localhost.localdomain kernel: R13: 000000000000000c R14: 00000000c05064a7 R15: 00007efd87ee1360
ago 11 18:10:35 localhost.localdomain kernel:  </TASK>
ago 11 18:10:35 localhost.localdomain kernel: ---[ end trace 0000000000000000 ]---
ago 11 18:10:35 localhost.localdomain kernel: usb 1-4: USB disconnect, device number 7
ago 11 18:10:36 localhost.localdomain kernel: usb 1-4: new full-speed USB device number 12 using xhci_hcd
ago 11 18:10:36 localhost.localdomain kernel: rfkill: input handler enabled
ago 11 18:10:36 localhost.localdomain kernel: usb 1-4: New USB device found, idVendor=1234, idProduct=abcd, bcdDevice= 0.00
ago 11 18:10:36 localhost.localdomain kernel: usb 1-4: New USB device strings: Mfr=1, Product=2, SerialNumber=0
ago 11 18:10:36 localhost.localdomain kernel: usb 1-4: Product: TCA9537-B32
ago 11 18:10:36 localhost.localdomain kernel: usb 1-4: Manufacturer: NYM
ago 11 18:10:36 localhost.localdomain kernel: input: NYM TCA9537-B32 Touchscreen as /devices/pci0000:00/0000:00:14.0/usb1/1-4/1-4:1.0/0003:1234:ABCD.0006/input/input13
ago 11 18:10:36 localhost.localdomain kernel: hid-generic 0003:1234:ABCD.0006: input,hiddev96,hidraw0: USB HID v1.00 Device [NYM TCA9537-B32] on usb-0000:00:14.0-4/input0
ago 11 18:10:36 localhost.localdomain kernel: ------------[ cut here ]------------
ago 11 18:10:36 localhost.localdomain kernel: i915 0000:00:02.0: [drm] drm_WARN_ON(tc->mode == TC_PORT_LEGACY)
ago 11 18:10:36 localhost.localdomain kernel: WARNING: drivers/gpu/drm/i915/display/intel_tc.c:933 at adlp_tc_phy_connect+0x10b/0x1e0, CPU#2: systemd-logind/311
ago 11 18:10:36 localhost.localdomain kernel: Modules linked in: intel_ipu6_isys videobuf2_dma_sg videobuf2_memops videobuf2_v4l2 videobuf2_common iwlmvm mac80211 libarc4 iwlwifi x86_pkg_temp_thermal cfg80211 intel_ipu6 ipu_bridge intel_skl_int3472_tps68470 mfd_core gc8034 gc5035 intel_skl_int3472_discrete v4l2_cci intel_skl_int3472_common regmap_i2c
ago 11 18:10:36 localhost.localdomain kernel: CPU: 2 UID: 0 PID: 311 Comm: systemd-logind Tainted: G S      W           7.2.0-rc7-intelcam-geffb39a5b9a0 #3 PREEMPT(lazy) 
ago 11 18:10:36 localhost.localdomain kernel: Tainted: [S]=CPU_OUT_OF_SPEC, [W]=WARN
ago 11 18:10:36 localhost.localdomain kernel: Hardware name: CHUWI Innovation And Technology(ShenZhen)co.,Ltd Hi10 X1/Default string, BIOS SA10C.N1195.24071902.014 09/20/2024
ago 11 18:10:36 localhost.localdomain kernel: RIP: 0010:adlp_tc_phy_connect+0x115/0x1e0
ago 11 18:10:36 localhost.localdomain kernel: Code: 48 8b 7f 08 4c 8b 77 50 4d 85 f6 0f 84 d7 00 00 00 e8 7f 94 0b 00 48 89 c6 48 8d 3d 55 94 2c 01 48 c7 c1 f8 ff 24 ae 4c 89 f2 <67> 48 0f b9 3a 48 8b 03 4c 8b 30 4d 85 f6 74 0b 4c 89 f7 e8 e3 39
ago 11 18:10:36 localhost.localdomain kernel: RSP: 0018:ffffa6ae802f7710 EFLAGS: 00010286
ago 11 18:10:36 localhost.localdomain kernel: RAX: ffffffffae2e4942 RBX: ffffa40140fa1200 RCX: ffffffffae24fff8
ago 11 18:10:36 localhost.localdomain kernel: RDX: ffffa40141327280 RSI: ffffffffae2e4942 RDI: ffffffffae6d4f50
ago 11 18:10:36 localhost.localdomain kernel: RBP: ffffa40141072000 R08: 0000000000000000 R09: ffffa40141072000
ago 11 18:10:36 localhost.localdomain kernel: R10: 00000000ffffffff R11: ffffffffae5f4b40 R12: 0000000000000019
ago 11 18:10:36 localhost.localdomain kernel: R13: 0000000000000001 R14: ffffa40141327280 R15: 0000000000000000
ago 11 18:10:36 localhost.localdomain kernel: FS:  00007fab6a670a00(0000) GS:ffffa40308bd1000(0000) knlGS:0000000000000000
ago 11 18:10:36 localhost.localdomain kernel: CS:  0010 DS: 0000 ES: 0000 CR0: 0000000080050033
ago 11 18:10:36 localhost.localdomain kernel: CR2: 000055a07f6f72e8 CR3: 000000010be99000 CR4: 0000000000f50ef0
ago 11 18:10:36 localhost.localdomain kernel: PKRU: 55555554
ago 11 18:10:36 localhost.localdomain kernel: Call Trace:
ago 11 18:10:36 localhost.localdomain kernel:  <TASK>
ago 11 18:10:36 localhost.localdomain kernel:  intel_tc_port_update_mode+0x21a/0x3a0
ago 11 18:10:36 localhost.localdomain kernel:  ? __cancel_work+0x3b/0x100
ago 11 18:10:36 localhost.localdomain kernel:  __intel_tc_port_lock+0xc3/0x130
ago 11 18:10:36 localhost.localdomain kernel:  intel_digital_port_connected+0x2d/0xa0
ago 11 18:10:36 localhost.localdomain kernel:  intel_dp_detect+0x10a/0x900
ago 11 18:10:36 localhost.localdomain kernel:  drm_helper_probe_single_connector_modes+0x425/0x690
ago 11 18:10:36 localhost.localdomain kernel:  drm_client_modeset_probe+0x1eb/0x1ad0
ago 11 18:10:36 localhost.localdomain kernel:  ? drm_modeset_drop_locks+0x3f/0x60
ago 11 18:10:36 localhost.localdomain kernel:  ? drm_client_modeset_commit_atomic+0x1ba/0x240
ago 11 18:10:36 localhost.localdomain kernel:  drm_fb_helper_hotplug_event+0xa7/0xe0
ago 11 18:10:36 localhost.localdomain kernel:  __drm_fb_helper_restore_fbdev_mode_unlocked.part.0+0x6f/0x80
ago 11 18:10:36 localhost.localdomain kernel:  drm_fb_helper_set_par+0x4c/0x60
ago 11 18:10:36 localhost.localdomain kernel:  intel_fbdev_set_par+0x33/0x80
ago 11 18:10:36 localhost.localdomain kernel:  fb_set_var+0x246/0x450
ago 11 18:10:36 localhost.localdomain kernel:  ? __wake_up+0x3f/0x60
ago 11 18:10:36 localhost.localdomain kernel:  ? tty_unthrottle+0x18/0x50
ago 11 18:10:36 localhost.localdomain kernel:  ? n_tty_open+0x66/0x80
ago 11 18:10:36 localhost.localdomain kernel:  ? tty_ldisc_open+0x26/0x40
ago 11 18:10:36 localhost.localdomain kernel:  ? tty_ldisc_reinit+0x92/0xe0
ago 11 18:10:36 localhost.localdomain kernel:  fbcon_blank+0x1ab/0x2c0
ago 11 18:10:36 localhost.localdomain kernel:  do_unblank_screen+0xc0/0x1a0
ago 11 18:10:36 localhost.localdomain kernel:  ? down+0x19/0x60
ago 11 18:10:36 localhost.localdomain kernel:  vt_ioctl+0x56e/0x1480
ago 11 18:10:36 localhost.localdomain kernel:  tty_ioctl+0xe6/0x8b0
ago 11 18:10:36 localhost.localdomain kernel:  __x64_sys_ioctl+0x91/0xe0
ago 11 18:10:36 localhost.localdomain kernel:  do_syscall_64+0xee/0x590
ago 11 18:10:36 localhost.localdomain kernel:  entry_SYSCALL_64_after_hwframe+0x77/0x7f
ago 11 18:10:36 localhost.localdomain kernel: RIP: 0033:0x7fab6b22c91b
ago 11 18:10:36 localhost.localdomain kernel: Code: 00 48 89 44 24 18 31 c0 48 8d 44 24 60 c7 04 24 10 00 00 00 48 89 44 24 08 48 8d 44 24 20 48 89 44 24 10 b8 10 00 00 00 0f 05 <89> c2 3d 00 f0 ff ff 77 1c 48 8b 44 24 18 64 48 2b 04 25 28 00 00
ago 11 18:10:36 localhost.localdomain kernel: RSP: 002b:00007ffd04c335b0 EFLAGS: 00000246 ORIG_RAX: 0000000000000010
ago 11 18:10:36 localhost.localdomain kernel: RAX: ffffffffffffffda RBX: 000000000000000f RCX: 00007fab6b22c91b
ago 11 18:10:36 localhost.localdomain kernel: RDX: 0000000000000000 RSI: 0000000000004b3a RDI: 000000000000000f
ago 11 18:10:36 localhost.localdomain kernel: RBP: 00000000fffffffb R08: 00007ffd04c335a0 R09: 0000000000000000
ago 11 18:10:36 localhost.localdomain kernel: R10: 0000000000000000 R11: 0000000000000246 R12: 00007ffd04c336e0
ago 11 18:10:36 localhost.localdomain kernel: R13: 0000000000000000 R14: 000055ce17ca9f30 R15: 0000000000000000
ago 11 18:10:36 localhost.localdomain kernel:  </TASK>
ago 11 18:10:36 localhost.localdomain kernel: ---[ end trace 0000000000000000 ]---
ago 11 18:10:37 localhost.localdomain kernel: ------------[ cut here ]------------
ago 11 18:10:37 localhost.localdomain kernel: i915 0000:00:02.0: [drm] drm_WARN_ON(val == 0xffffffff)
ago 11 18:10:37 localhost.localdomain kernel: WARNING: drivers/gpu/drm/i915/display/intel_tc.c:315 at get_pin_assignment+0x1a9/0x210, CPU#1: systemd-logind/311
ago 11 18:10:37 localhost.localdomain kernel: Modules linked in: intel_ipu6_isys videobuf2_dma_sg videobuf2_memops videobuf2_v4l2 videobuf2_common iwlmvm mac80211 libarc4 iwlwifi x86_pkg_temp_thermal cfg80211 intel_ipu6 ipu_bridge intel_skl_int3472_tps68470 mfd_core gc8034 gc5035 intel_skl_int3472_discrete v4l2_cci intel_skl_int3472_common regmap_i2c
ago 11 18:10:37 localhost.localdomain kernel: CPU: 1 UID: 0 PID: 311 Comm: systemd-logind Tainted: G S      W           7.2.0-rc7-intelcam-geffb39a5b9a0 #3 PREEMPT(lazy) 
ago 11 18:10:37 localhost.localdomain kernel: Tainted: [S]=CPU_OUT_OF_SPEC, [W]=WARN
ago 11 18:10:37 localhost.localdomain kernel: Hardware name: CHUWI Innovation And Technology(ShenZhen)co.,Ltd Hi10 X1/Default string, BIOS SA10C.N1195.24071902.014 09/20/2024
ago 11 18:10:37 localhost.localdomain kernel: RIP: 0010:get_pin_assignment+0x1b3/0x210
ago 11 18:10:37 localhost.localdomain kernel: Code: 85 ff 74 04 48 8b 7f 08 4c 8b 6f 50 4d 85 ed 74 23 e8 91 9c 0b 00 48 89 c6 48 8d 3d f7 9b 2c 01 48 c7 c1 50 00 25 ae 4c 89 ea <67> 48 0f b9 3a e9 2f ff ff ff 4c 8b 2f eb d8 48 8b 7d 00 48 85 ff
ago 11 18:10:37 localhost.localdomain kernel: RSP: 0018:ffffa6ae802f76b0 EFLAGS: 00010286
ago 11 18:10:37 localhost.localdomain kernel: RAX: ffffffffae2e4942 RBX: 00000000ffffffff RCX: ffffffffae250050
ago 11 18:10:37 localhost.localdomain kernel: RDX: ffffa40141327280 RSI: ffffffffae2e4942 RDI: ffffffffae6d4ee0
ago 11 18:10:37 localhost.localdomain kernel: RBP: ffffa40141072000 R08: 0000000000000000 R09: 0000000000000001
ago 11 18:10:37 localhost.localdomain kernel: R10: 00000000ffffffff R11: ffffffffae5f4b40 R12: ffffa40140fa1200
ago 11 18:10:37 localhost.localdomain kernel: R13: ffffa40141327280 R14: 000000000000000f R15: 000000000000000f
ago 11 18:10:37 localhost.localdomain kernel: FS:  00007fab6a670a00(0000) GS:ffffa40308b51000(0000) knlGS:0000000000000000
ago 11 18:10:37 localhost.localdomain kernel: CS:  0010 DS: 0000 ES: 0000 CR0: 0000000080050033
ago 11 18:10:37 localhost.localdomain kernel: CR2: 00007f924ecb641c CR3: 000000010be99000 CR4: 0000000000f50ef0
ago 11 18:10:37 localhost.localdomain kernel: PKRU: 55555554
ago 11 18:10:37 localhost.localdomain kernel: Call Trace:
ago 11 18:10:37 localhost.localdomain kernel:  <TASK>
ago 11 18:10:37 localhost.localdomain kernel:  read_pin_configuration+0xe/0x200
ago 11 18:10:37 localhost.localdomain kernel:  adlp_tc_phy_connect+0x155/0x1e0
ago 11 18:10:37 localhost.localdomain kernel:  intel_tc_port_update_mode+0x21a/0x3a0
ago 11 18:10:37 localhost.localdomain kernel:  ? __cancel_work+0x3b/0x100
ago 11 18:10:37 localhost.localdomain kernel:  __intel_tc_port_lock+0xc3/0x130
ago 11 18:10:37 localhost.localdomain kernel:  intel_digital_port_connected+0x2d/0xa0
ago 11 18:10:37 localhost.localdomain kernel:  intel_dp_detect+0x10a/0x900
ago 11 18:10:37 localhost.localdomain kernel:  drm_helper_probe_single_connector_modes+0x425/0x690
ago 11 18:10:37 localhost.localdomain kernel:  drm_client_modeset_probe+0x1eb/0x1ad0
ago 11 18:10:37 localhost.localdomain kernel:  ? drm_modeset_drop_locks+0x3f/0x60
ago 11 18:10:37 localhost.localdomain kernel:  ? drm_client_modeset_commit_atomic+0x1ba/0x240
ago 11 18:10:37 localhost.localdomain kernel:  drm_fb_helper_hotplug_event+0xa7/0xe0
ago 11 18:10:37 localhost.localdomain kernel:  __drm_fb_helper_restore_fbdev_mode_unlocked.part.0+0x6f/0x80
ago 11 18:10:37 localhost.localdomain kernel:  drm_fb_helper_set_par+0x4c/0x60
ago 11 18:10:37 localhost.localdomain kernel:  intel_fbdev_set_par+0x33/0x80
ago 11 18:10:37 localhost.localdomain kernel:  fb_set_var+0x246/0x450
ago 11 18:10:37 localhost.localdomain kernel:  ? __wake_up+0x3f/0x60
ago 11 18:10:37 localhost.localdomain kernel:  ? tty_unthrottle+0x18/0x50
ago 11 18:10:37 localhost.localdomain kernel:  ? n_tty_open+0x66/0x80
ago 11 18:10:37 localhost.localdomain kernel:  ? tty_ldisc_open+0x26/0x40
ago 11 18:10:37 localhost.localdomain kernel:  ? tty_ldisc_reinit+0x92/0xe0
ago 11 18:10:37 localhost.localdomain kernel:  fbcon_blank+0x1ab/0x2c0
ago 11 18:10:37 localhost.localdomain kernel:  do_unblank_screen+0xc0/0x1a0
ago 11 18:10:37 localhost.localdomain kernel:  ? down+0x19/0x60
ago 11 18:10:37 localhost.localdomain kernel:  vt_ioctl+0x56e/0x1480
ago 11 18:10:37 localhost.localdomain kernel:  tty_ioctl+0xe6/0x8b0
ago 11 18:10:37 localhost.localdomain kernel:  __x64_sys_ioctl+0x91/0xe0
ago 11 18:10:37 localhost.localdomain kernel:  do_syscall_64+0xee/0x590
ago 11 18:10:37 localhost.localdomain kernel:  entry_SYSCALL_64_after_hwframe+0x77/0x7f
ago 11 18:10:37 localhost.localdomain kernel: RIP: 0033:0x7fab6b22c91b
ago 11 18:10:37 localhost.localdomain kernel: Code: 00 48 89 44 24 18 31 c0 48 8d 44 24 60 c7 04 24 10 00 00 00 48 89 44 24 08 48 8d 44 24 20 48 89 44 24 10 b8 10 00 00 00 0f 05 <89> c2 3d 00 f0 ff ff 77 1c 48 8b 44 24 18 64 48 2b 04 25 28 00 00
ago 11 18:10:37 localhost.localdomain kernel: RSP: 002b:00007ffd04c335b0 EFLAGS: 00000246 ORIG_RAX: 0000000000000010
ago 11 18:10:37 localhost.localdomain kernel: RAX: ffffffffffffffda RBX: 000000000000000f RCX: 00007fab6b22c91b
ago 11 18:10:37 localhost.localdomain kernel: RDX: 0000000000000000 RSI: 0000000000004b3a RDI: 000000000000000f
ago 11 18:10:37 localhost.localdomain kernel: RBP: 00000000fffffffb R08: 00007ffd04c335a0 R09: 0000000000000000
ago 11 18:10:37 localhost.localdomain kernel: R10: 0000000000000000 R11: 0000000000000246 R12: 00007ffd04c336e0
ago 11 18:10:37 localhost.localdomain kernel: R13: 0000000000000000 R14: 000055ce17ca9f30 R15: 0000000000000000
ago 11 18:10:37 localhost.localdomain kernel:  </TASK>
ago 11 18:10:37 localhost.localdomain kernel: ---[ end trace 0000000000000000 ]---
ago 11 18:10:37 localhost.localdomain kernel: ------------[ cut here ]------------
ago 11 18:10:37 localhost.localdomain kernel: Missing case (pin_assignment == 15)
ago 11 18:10:37 localhost.localdomain kernel: WARNING: drivers/gpu/drm/i915/display/intel_tc.c:332 at get_pin_assignment+0x153/0x210, CPU#1: systemd-logind/311
ago 11 18:10:37 localhost.localdomain kernel: Modules linked in: intel_ipu6_isys videobuf2_dma_sg videobuf2_memops videobuf2_v4l2 videobuf2_common iwlmvm mac80211 libarc4 iwlwifi x86_pkg_temp_thermal cfg80211 intel_ipu6 ipu_bridge intel_skl_int3472_tps68470 mfd_core gc8034 gc5035 intel_skl_int3472_discrete v4l2_cci intel_skl_int3472_common regmap_i2c
ago 11 18:10:37 localhost.localdomain kernel: CPU: 1 UID: 0 PID: 311 Comm: systemd-logind Tainted: G S      W           7.2.0-rc7-intelcam-geffb39a5b9a0 #3 PREEMPT(lazy) 
ago 11 18:10:37 localhost.localdomain kernel: Tainted: [S]=CPU_OUT_OF_SPEC, [W]=WARN
ago 11 18:10:37 localhost.localdomain kernel: Hardware name: CHUWI Innovation And Technology(ShenZhen)co.,Ltd Hi10 X1/Default string, BIOS SA10C.N1195.24071902.014 09/20/2024
ago 11 18:10:37 localhost.localdomain kernel: RIP: 0010:get_pin_assignment+0x15c/0x210
ago 11 18:10:37 localhost.localdomain kernel: Code: 00 15 16 00 41 be 00 00 00 1e 41 bf 00 00 00 1e e9 3d ff ff ff 83 fb 06 74 c3 48 8d 3d 3d 9c 2c 01 48 c7 c6 23 0b 2e ae 89 da <67> 48 0f b9 3a 89 d8 5b 5d 41 5c 41 5d 41 5e 41 5f c3 cc cc cc cc
ago 11 18:10:37 localhost.localdomain kernel: RSP: 0018:ffffa6ae802f76b0 EFLAGS: 00010206
ago 11 18:10:37 localhost.localdomain kernel: RAX: 0000000000000001 RBX: 000000000000000f RCX: 0000000000000000
ago 11 18:10:37 localhost.localdomain kernel: RDX: 000000000000000f RSI: ffffffffae2e0b23 RDI: ffffffffae6d4ed0
ago 11 18:10:37 localhost.localdomain kernel: RBP: ffffa40141072000 R08: 0000000000000000 R09: 0000000000000001
ago 11 18:10:37 localhost.localdomain kernel: R10: 00000000ffffffff R11: ffffffffae5f4b40 R12: ffffa40140fa1200
ago 11 18:10:37 localhost.localdomain kernel: R13: ffffa40141327280 R14: 000000000000000f R15: 000000000000000f
ago 11 18:10:37 localhost.localdomain kernel: FS:  00007fab6a670a00(0000) GS:ffffa40308b51000(0000) knlGS:0000000000000000
ago 11 18:10:37 localhost.localdomain kernel: CS:  0010 DS: 0000 ES: 0000 CR0: 0000000080050033
ago 11 18:10:37 localhost.localdomain kernel: CR2: 00007f924ecb641c CR3: 000000010be99000 CR4: 0000000000f50ef0
ago 11 18:10:37 localhost.localdomain kernel: PKRU: 55555554
ago 11 18:10:37 localhost.localdomain kernel: Call Trace:
ago 11 18:10:37 localhost.localdomain kernel:  <TASK>
ago 11 18:10:37 localhost.localdomain kernel:  read_pin_configuration+0xe/0x200
ago 11 18:10:37 localhost.localdomain kernel:  adlp_tc_phy_connect+0x155/0x1e0
ago 11 18:10:37 localhost.localdomain kernel:  intel_tc_port_update_mode+0x21a/0x3a0
ago 11 18:10:37 localhost.localdomain kernel:  ? __cancel_work+0x3b/0x100
ago 11 18:10:37 localhost.localdomain kernel:  __intel_tc_port_lock+0xc3/0x130
ago 11 18:10:37 localhost.localdomain kernel:  intel_digital_port_connected+0x2d/0xa0
ago 11 18:10:37 localhost.localdomain kernel:  intel_dp_detect+0x10a/0x900
ago 11 18:10:37 localhost.localdomain kernel:  drm_helper_probe_single_connector_modes+0x425/0x690
ago 11 18:10:37 localhost.localdomain kernel:  drm_client_modeset_probe+0x1eb/0x1ad0
ago 11 18:10:37 localhost.localdomain kernel:  ? drm_modeset_drop_locks+0x3f/0x60
ago 11 18:10:37 localhost.localdomain kernel:  ? drm_client_modeset_commit_atomic+0x1ba/0x240
ago 11 18:10:37 localhost.localdomain kernel:  drm_fb_helper_hotplug_event+0xa7/0xe0
ago 11 18:10:37 localhost.localdomain kernel:  __drm_fb_helper_restore_fbdev_mode_unlocked.part.0+0x6f/0x80
ago 11 18:10:37 localhost.localdomain kernel:  drm_fb_helper_set_par+0x4c/0x60
ago 11 18:10:37 localhost.localdomain kernel:  intel_fbdev_set_par+0x33/0x80
ago 11 18:10:37 localhost.localdomain kernel:  fb_set_var+0x246/0x450
ago 11 18:10:37 localhost.localdomain kernel:  ? __wake_up+0x3f/0x60
ago 11 18:10:37 localhost.localdomain kernel:  ? tty_unthrottle+0x18/0x50
ago 11 18:10:37 localhost.localdomain kernel:  ? n_tty_open+0x66/0x80
ago 11 18:10:37 localhost.localdomain kernel:  ? tty_ldisc_open+0x26/0x40
ago 11 18:10:37 localhost.localdomain kernel:  ? tty_ldisc_reinit+0x92/0xe0
ago 11 18:10:37 localhost.localdomain kernel:  fbcon_blank+0x1ab/0x2c0
ago 11 18:10:37 localhost.localdomain kernel:  do_unblank_screen+0xc0/0x1a0
ago 11 18:10:37 localhost.localdomain kernel:  ? down+0x19/0x60
ago 11 18:10:37 localhost.localdomain kernel:  vt_ioctl+0x56e/0x1480
ago 11 18:10:37 localhost.localdomain kernel:  tty_ioctl+0xe6/0x8b0
ago 11 18:10:37 localhost.localdomain kernel:  __x64_sys_ioctl+0x91/0xe0
ago 11 18:10:37 localhost.localdomain kernel:  do_syscall_64+0xee/0x590
ago 11 18:10:37 localhost.localdomain kernel:  entry_SYSCALL_64_after_hwframe+0x77/0x7f
ago 11 18:10:37 localhost.localdomain kernel: RIP: 0033:0x7fab6b22c91b
ago 11 18:10:37 localhost.localdomain kernel: Code: 00 48 89 44 24 18 31 c0 48 8d 44 24 60 c7 04 24 10 00 00 00 48 89 44 24 08 48 8d 44 24 20 48 89 44 24 10 b8 10 00 00 00 0f 05 <89> c2 3d 00 f0 ff ff 77 1c 48 8b 44 24 18 64 48 2b 04 25 28 00 00
ago 11 18:10:37 localhost.localdomain kernel: RSP: 002b:00007ffd04c335b0 EFLAGS: 00000246 ORIG_RAX: 0000000000000010
ago 11 18:10:37 localhost.localdomain kernel: RAX: ffffffffffffffda RBX: 000000000000000f RCX: 00007fab6b22c91b
ago 11 18:10:37 localhost.localdomain kernel: RDX: 0000000000000000 RSI: 0000000000004b3a RDI: 000000000000000f
ago 11 18:10:37 localhost.localdomain kernel: RBP: 00000000fffffffb R08: 00007ffd04c335a0 R09: 0000000000000000
ago 11 18:10:37 localhost.localdomain kernel: R10: 0000000000000000 R11: 0000000000000246 R12: 00007ffd04c336e0
ago 11 18:10:37 localhost.localdomain kernel: R13: 0000000000000000 R14: 000055ce17ca9f30 R15: 0000000000000000
ago 11 18:10:37 localhost.localdomain kernel:  </TASK>
ago 11 18:10:37 localhost.localdomain kernel: ---[ end trace 0000000000000000 ]---
ago 11 18:10:38 localhost.localdomain kernel: rfkill: input handler disabled
ago 11 18:10:44 localhost.localdomain kernel: usb 1-1: new full-speed USB device number 13 using xhci_hcd
ago 11 18:10:44 localhost.localdomain kernel: usb 1-1: device descriptor read/64, error -71
ago 11 18:10:44 localhost.localdomain kernel: usb 1-1: device descriptor read/64, error -71
ago 11 18:10:45 localhost.localdomain kernel: usb 1-1: new full-speed USB device number 14 using xhci_hcd
ago 11 18:10:45 localhost.localdomain kernel: usb 1-1: device descriptor read/64, error -71
ago 11 18:10:45 localhost.localdomain kernel: usb 1-1: device descriptor read/64, error -71
ago 11 18:10:45 localhost.localdomain kernel: usb usb1-port1: attempt power cycle
ago 11 18:10:45 localhost.localdomain kernel: usb 1-1: new full-speed USB device number 15 using xhci_hcd
ago 11 18:10:45 localhost.localdomain kernel: usb 1-1: Device not responding to setup address.
ago 11 18:10:46 localhost.localdomain kernel: usb 1-1: Device not responding to setup address.
ago 11 18:10:46 localhost.localdomain kernel: usb 1-1: device not accepting address 15, error -71
ago 11 18:10:46 localhost.localdomain kernel: usb 1-1: WARN: invalid context state for evaluate context command.
ago 11 18:10:46 localhost.localdomain kernel: usb 1-1: new full-speed USB device number 16 using xhci_hcd
ago 11 18:10:46 localhost.localdomain kernel: usb 1-1: Device not responding to setup address.
ago 11 18:10:46 localhost.localdomain kernel: usb 1-1: Device not responding to setup address.
ago 11 18:10:46 localhost.localdomain kernel: ------------[ cut here ]------------
ago 11 18:10:46 localhost.localdomain kernel: i915 0000:00:02.0: [drm] drm_WARN_ON(tc->mode == TC_PORT_LEGACY)
ago 11 18:10:46 localhost.localdomain kernel: WARNING: drivers/gpu/drm/i915/display/intel_tc.c:933 at adlp_tc_phy_connect+0x10b/0x1e0, CPU#1: KMS thread/8395
ago 11 18:10:46 localhost.localdomain kernel: Modules linked in: intel_ipu6_isys videobuf2_dma_sg videobuf2_memops videobuf2_v4l2 videobuf2_common iwlmvm mac80211 libarc4 iwlwifi x86_pkg_temp_thermal cfg80211 intel_ipu6 ipu_bridge intel_skl_int3472_tps68470 mfd_core gc8034 gc5035 intel_skl_int3472_discrete v4l2_cci intel_skl_int3472_common regmap_i2c
ago 11 18:10:46 localhost.localdomain kernel: CPU: 1 UID: 103 PID: 8395 Comm: KMS thread Tainted: G S      W           7.2.0-rc7-intelcam-geffb39a5b9a0 #3 PREEMPT(lazy) 
ago 11 18:10:46 localhost.localdomain kernel: Tainted: [S]=CPU_OUT_OF_SPEC, [W]=WARN
ago 11 18:10:46 localhost.localdomain kernel: Hardware name: CHUWI Innovation And Technology(ShenZhen)co.,Ltd Hi10 X1/Default string, BIOS SA10C.N1195.24071902.014 09/20/2024
ago 11 18:10:46 localhost.localdomain kernel: RIP: 0010:adlp_tc_phy_connect+0x115/0x1e0
ago 11 18:10:46 localhost.localdomain kernel: Code: 48 8b 7f 08 4c 8b 77 50 4d 85 f6 0f 84 d7 00 00 00 e8 7f 94 0b 00 48 89 c6 48 8d 3d 55 94 2c 01 48 c7 c1 f8 ff 24 ae 4c 89 f2 <67> 48 0f b9 3a 48 8b 03 4c 8b 30 4d 85 f6 74 0b 4c 89 f7 e8 e3 39
ago 11 18:10:46 localhost.localdomain kernel: RSP: 0018:ffffa6ae830d7b20 EFLAGS: 00010286
ago 11 18:10:46 localhost.localdomain kernel: RAX: ffffffffae2e4942 RBX: ffffa40140fa1200 RCX: ffffffffae24fff8
ago 11 18:10:46 localhost.localdomain kernel: RDX: ffffa40141327280 RSI: ffffffffae2e4942 RDI: ffffffffae6d4f50
ago 11 18:10:46 localhost.localdomain kernel: RBP: ffffa40141072000 R08: 0000000000000000 R09: ffffa40141072000
ago 11 18:10:46 localhost.localdomain kernel: R10: 0000000000000000 R11: 0000000000000000 R12: 0000000000000019
ago 11 18:10:46 localhost.localdomain kernel: R13: 0000000000000001 R14: ffffa40141327280 R15: 0000000000000000
ago 11 18:10:46 localhost.localdomain kernel: FS:  00007fe3b3ee26c0(0000) GS:ffffa40308b51000(0000) knlGS:0000000000000000
ago 11 18:10:46 localhost.localdomain kernel: CS:  0010 DS: 0000 ES: 0000 CR0: 0000000080050033
ago 11 18:10:46 localhost.localdomain kernel: CR2: 00007fe3ac006b38 CR3: 0000000123801000 CR4: 0000000000f50ef0
ago 11 18:10:46 localhost.localdomain kernel: PKRU: 55555554
ago 11 18:10:46 localhost.localdomain kernel: Call Trace:
ago 11 18:10:46 localhost.localdomain kernel:  <TASK>
ago 11 18:10:46 localhost.localdomain kernel:  intel_tc_port_update_mode+0x21a/0x3a0
ago 11 18:10:46 localhost.localdomain kernel:  ? __cancel_work+0x3b/0x100
ago 11 18:10:46 localhost.localdomain kernel:  __intel_tc_port_lock+0xc3/0x130
ago 11 18:10:46 localhost.localdomain kernel:  intel_digital_port_connected+0x2d/0xa0
ago 11 18:10:46 localhost.localdomain kernel:  intel_dp_detect+0x10a/0x900
ago 11 18:10:46 localhost.localdomain kernel:  drm_helper_probe_single_connector_modes+0x425/0x690
ago 11 18:10:46 localhost.localdomain kernel:  ? drm_atomic_get_property+0x157/0x230
ago 11 18:10:46 localhost.localdomain kernel:  drm_mode_getconnector+0x37a/0x480
ago 11 18:10:46 localhost.localdomain kernel:  ? __pfx_drm_mode_getconnector+0x10/0x10
ago 11 18:10:46 localhost.localdomain kernel:  drm_ioctl_kernel+0xa9/0x100
ago 11 18:10:46 localhost.localdomain kernel:  drm_ioctl+0x226/0x4d0
ago 11 18:10:46 localhost.localdomain kernel:  ? __pfx_drm_mode_getconnector+0x10/0x10
ago 11 18:10:46 localhost.localdomain kernel:  __x64_sys_ioctl+0x91/0xe0
ago 11 18:10:46 localhost.localdomain kernel:  do_syscall_64+0xee/0x590
ago 11 18:10:46 localhost.localdomain kernel:  entry_SYSCALL_64_after_hwframe+0x77/0x7f
ago 11 18:10:46 localhost.localdomain kernel: RIP: 0033:0x7fe3dc45a91b
ago 11 18:10:46 localhost.localdomain kernel: Code: 00 48 89 44 24 18 31 c0 48 8d 44 24 60 c7 04 24 10 00 00 00 48 89 44 24 08 48 8d 44 24 20 48 89 44 24 10 b8 10 00 00 00 0f 05 <89> c2 3d 00 f0 ff ff 77 1c 48 8b 44 24 18 64 48 2b 04 25 28 00 00
ago 11 18:10:46 localhost.localdomain kernel: RSP: 002b:00007fe3b3ee12c0 EFLAGS: 00000246 ORIG_RAX: 0000000000000010
ago 11 18:10:46 localhost.localdomain kernel: RAX: ffffffffffffffda RBX: 00007fe3ac02b6b0 RCX: 00007fe3dc45a91b
ago 11 18:10:46 localhost.localdomain kernel: RDX: 00007fe3b3ee1360 RSI: 00000000c05064a7 RDI: 000000000000000c
ago 11 18:10:46 localhost.localdomain kernel: RBP: 00007fe3b3ee1360 R08: 0000000000000060 R09: 0000000000000008
ago 11 18:10:46 localhost.localdomain kernel: R10: 00007fe3ac02dd10 R11: 0000000000000246 R12: 00000000c05064a7
ago 11 18:10:46 localhost.localdomain kernel: R13: 000000000000000c R14: 00000000c05064a7 R15: 00007fe3b3ee1360
ago 11 18:10:46 localhost.localdomain kernel:  </TASK>
ago 11 18:10:46 localhost.localdomain kernel: ---[ end trace 0000000000000000 ]---
ago 11 18:10:46 localhost.localdomain kernel: usb 1-1: device not accepting address 16, error -71
ago 11 18:10:46 localhost.localdomain kernel: usb 1-1: WARN: invalid context state for evaluate context command.
ago 11 18:10:46 localhost.localdomain kernel: usb usb1-port1: unable to enumerate USB device
ago 11 18:10:47 localhost.localdomain kernel: ------------[ cut here ]------------
ago 11 18:10:47 localhost.localdomain kernel: i915 0000:00:02.0: [drm] drm_WARN_ON(val == 0xffffffff)
ago 11 18:10:47 localhost.localdomain kernel: WARNING: drivers/gpu/drm/i915/display/intel_tc.c:315 at get_pin_assignment+0x1a9/0x210, CPU#2: KMS thread/8395
ago 11 18:10:47 localhost.localdomain kernel: Modules linked in: intel_ipu6_isys videobuf2_dma_sg videobuf2_memops videobuf2_v4l2 videobuf2_common iwlmvm mac80211 libarc4 iwlwifi x86_pkg_temp_thermal cfg80211 intel_ipu6 ipu_bridge intel_skl_int3472_tps68470 mfd_core gc8034 gc5035 intel_skl_int3472_discrete v4l2_cci intel_skl_int3472_common regmap_i2c
ago 11 18:10:47 localhost.localdomain kernel: CPU: 2 UID: 103 PID: 8395 Comm: KMS thread Tainted: G S      W           7.2.0-rc7-intelcam-geffb39a5b9a0 #3 PREEMPT(lazy) 
ago 11 18:10:47 localhost.localdomain kernel: Tainted: [S]=CPU_OUT_OF_SPEC, [W]=WARN
ago 11 18:10:47 localhost.localdomain kernel: Hardware name: CHUWI Innovation And Technology(ShenZhen)co.,Ltd Hi10 X1/Default string, BIOS SA10C.N1195.24071902.014 09/20/2024
ago 11 18:10:47 localhost.localdomain kernel: RIP: 0010:get_pin_assignment+0x1b3/0x210
ago 11 18:10:47 localhost.localdomain kernel: Code: 85 ff 74 04 48 8b 7f 08 4c 8b 6f 50 4d 85 ed 74 23 e8 91 9c 0b 00 48 89 c6 48 8d 3d f7 9b 2c 01 48 c7 c1 50 00 25 ae 4c 89 ea <67> 48 0f b9 3a e9 2f ff ff ff 4c 8b 2f eb d8 48 8b 7d 00 48 85 ff
ago 11 18:10:47 localhost.localdomain kernel: RSP: 0018:ffffa6ae830d7ac0 EFLAGS: 00010286
ago 11 18:10:47 localhost.localdomain kernel: RAX: ffffffffae2e4942 RBX: 00000000ffffffff RCX: ffffffffae250050
ago 11 18:10:47 localhost.localdomain kernel: RDX: ffffa40141327280 RSI: ffffffffae2e4942 RDI: ffffffffae6d4ee0
ago 11 18:10:47 localhost.localdomain kernel: RBP: ffffa40141072000 R08: 0000000000000000 R09: 0000000000000001
ago 11 18:10:47 localhost.localdomain kernel: R10: 0000001ad1ca91e6 R11: 0000000000000016 R12: ffffa40140fa1200
ago 11 18:10:47 localhost.localdomain kernel: R13: ffffa40141327280 R14: 000000000000000f R15: 000000000000000f
ago 11 18:10:47 localhost.localdomain kernel: FS:  00007fe3b3ee26c0(0000) GS:ffffa40308bd1000(0000) knlGS:0000000000000000
ago 11 18:10:47 localhost.localdomain kernel: CS:  0010 DS: 0000 ES: 0000 CR0: 0000000080050033
ago 11 18:10:47 localhost.localdomain kernel: CR2: 00007f52ffc54c20 CR3: 0000000123801000 CR4: 0000000000f50ef0
ago 11 18:10:47 localhost.localdomain kernel: PKRU: 55555554
ago 11 18:10:47 localhost.localdomain kernel: Call Trace:
ago 11 18:10:47 localhost.localdomain kernel:  <TASK>
ago 11 18:10:47 localhost.localdomain kernel:  read_pin_configuration+0xe/0x200
ago 11 18:10:47 localhost.localdomain kernel:  adlp_tc_phy_connect+0x155/0x1e0
ago 11 18:10:47 localhost.localdomain kernel:  intel_tc_port_update_mode+0x21a/0x3a0
ago 11 18:10:47 localhost.localdomain kernel:  ? __cancel_work+0x3b/0x100
ago 11 18:10:47 localhost.localdomain kernel:  __intel_tc_port_lock+0xc3/0x130
ago 11 18:10:47 localhost.localdomain kernel:  intel_digital_port_connected+0x2d/0xa0
ago 11 18:10:47 localhost.localdomain kernel:  intel_dp_detect+0x10a/0x900
ago 11 18:10:47 localhost.localdomain kernel:  drm_helper_probe_single_connector_modes+0x425/0x690
ago 11 18:10:47 localhost.localdomain kernel:  ? drm_atomic_get_property+0x157/0x230
ago 11 18:10:47 localhost.localdomain kernel:  drm_mode_getconnector+0x37a/0x480
ago 11 18:10:47 localhost.localdomain kernel:  ? __pfx_drm_mode_getconnector+0x10/0x10
ago 11 18:10:47 localhost.localdomain kernel:  drm_ioctl_kernel+0xa9/0x100
ago 11 18:10:47 localhost.localdomain kernel:  drm_ioctl+0x226/0x4d0
ago 11 18:10:47 localhost.localdomain kernel:  ? __pfx_drm_mode_getconnector+0x10/0x10
ago 11 18:10:47 localhost.localdomain kernel:  __x64_sys_ioctl+0x91/0xe0
ago 11 18:10:47 localhost.localdomain kernel:  do_syscall_64+0xee/0x590
ago 11 18:10:47 localhost.localdomain kernel:  entry_SYSCALL_64_after_hwframe+0x77/0x7f
ago 11 18:10:47 localhost.localdomain kernel: RIP: 0033:0x7fe3dc45a91b
ago 11 18:10:47 localhost.localdomain kernel: Code: 00 48 89 44 24 18 31 c0 48 8d 44 24 60 c7 04 24 10 00 00 00 48 89 44 24 08 48 8d 44 24 20 48 89 44 24 10 b8 10 00 00 00 0f 05 <89> c2 3d 00 f0 ff ff 77 1c 48 8b 44 24 18 64 48 2b 04 25 28 00 00
ago 11 18:10:47 localhost.localdomain kernel: RSP: 002b:00007fe3b3ee12c0 EFLAGS: 00000246 ORIG_RAX: 0000000000000010
ago 11 18:10:47 localhost.localdomain kernel: RAX: ffffffffffffffda RBX: 00007fe3ac02b6b0 RCX: 00007fe3dc45a91b
ago 11 18:10:47 localhost.localdomain kernel: RDX: 00007fe3b3ee1360 RSI: 00000000c05064a7 RDI: 000000000000000c
ago 11 18:10:47 localhost.localdomain kernel: RBP: 00007fe3b3ee1360 R08: 0000000000000060 R09: 0000000000000008
ago 11 18:10:47 localhost.localdomain kernel: R10: 00007fe3ac02dd10 R11: 0000000000000246 R12: 00000000c05064a7
ago 11 18:10:47 localhost.localdomain kernel: R13: 000000000000000c R14: 00000000c05064a7 R15: 00007fe3b3ee1360
ago 11 18:10:47 localhost.localdomain kernel:  </TASK>
ago 11 18:10:47 localhost.localdomain kernel: ---[ end trace 0000000000000000 ]---
ago 11 18:10:47 localhost.localdomain kernel: ------------[ cut here ]------------
ago 11 18:10:47 localhost.localdomain kernel: Missing case (pin_assignment == 15)
ago 11 18:10:47 localhost.localdomain kernel: WARNING: drivers/gpu/drm/i915/display/intel_tc.c:332 at get_pin_assignment+0x153/0x210, CPU#2: KMS thread/8395
ago 11 18:10:47 localhost.localdomain kernel: Modules linked in: intel_ipu6_isys videobuf2_dma_sg videobuf2_memops videobuf2_v4l2 videobuf2_common iwlmvm mac80211 libarc4 iwlwifi x86_pkg_temp_thermal cfg80211 intel_ipu6 ipu_bridge intel_skl_int3472_tps68470 mfd_core gc8034 gc5035 intel_skl_int3472_discrete v4l2_cci intel_skl_int3472_common regmap_i2c
ago 11 18:10:47 localhost.localdomain kernel: CPU: 2 UID: 103 PID: 8395 Comm: KMS thread Tainted: G S      W           7.2.0-rc7-intelcam-geffb39a5b9a0 #3 PREEMPT(lazy) 
ago 11 18:10:47 localhost.localdomain kernel: Tainted: [S]=CPU_OUT_OF_SPEC, [W]=WARN
ago 11 18:10:47 localhost.localdomain kernel: Hardware name: CHUWI Innovation And Technology(ShenZhen)co.,Ltd Hi10 X1/Default string, BIOS SA10C.N1195.24071902.014 09/20/2024
ago 11 18:10:47 localhost.localdomain kernel: RIP: 0010:get_pin_assignment+0x15c/0x210
ago 11 18:10:47 localhost.localdomain kernel: Code: 00 15 16 00 41 be 00 00 00 1e 41 bf 00 00 00 1e e9 3d ff ff ff 83 fb 06 74 c3 48 8d 3d 3d 9c 2c 01 48 c7 c6 23 0b 2e ae 89 da <67> 48 0f b9 3a 89 d8 5b 5d 41 5c 41 5d 41 5e 41 5f c3 cc cc cc cc
ago 11 18:10:47 localhost.localdomain kernel: RSP: 0018:ffffa6ae830d7ac0 EFLAGS: 00010206
ago 11 18:10:47 localhost.localdomain kernel: RAX: 0000000000000001 RBX: 000000000000000f RCX: 0000000000000000
ago 11 18:10:47 localhost.localdomain kernel: RDX: 000000000000000f RSI: ffffffffae2e0b23 RDI: ffffffffae6d4ed0
ago 11 18:10:47 localhost.localdomain kernel: RBP: ffffa40141072000 R08: 0000000000000000 R09: 0000000000000001
ago 11 18:10:47 localhost.localdomain kernel: R10: 0000001ad1ca91e6 R11: 0000000000000016 R12: ffffa40140fa1200
ago 11 18:10:47 localhost.localdomain kernel: R13: ffffa40141327280 R14: 000000000000000f R15: 000000000000000f
ago 11 18:10:47 localhost.localdomain kernel: FS:  00007fe3b3ee26c0(0000) GS:ffffa40308bd1000(0000) knlGS:0000000000000000
ago 11 18:10:47 localhost.localdomain kernel: CS:  0010 DS: 0000 ES: 0000 CR0: 0000000080050033
ago 11 18:10:47 localhost.localdomain kernel: CR2: 00007f52ffc54c20 CR3: 0000000123801000 CR4: 0000000000f50ef0
ago 11 18:10:47 localhost.localdomain kernel: PKRU: 55555554
ago 11 18:10:47 localhost.localdomain kernel: Call Trace:
ago 11 18:10:47 localhost.localdomain kernel:  <TASK>
ago 11 18:10:47 localhost.localdomain kernel:  read_pin_configuration+0xe/0x200
ago 11 18:10:47 localhost.localdomain kernel:  adlp_tc_phy_connect+0x155/0x1e0
ago 11 18:10:47 localhost.localdomain kernel:  intel_tc_port_update_mode+0x21a/0x3a0
ago 11 18:10:47 localhost.localdomain kernel:  ? __cancel_work+0x3b/0x100
ago 11 18:10:47 localhost.localdomain kernel:  __intel_tc_port_lock+0xc3/0x130
ago 11 18:10:47 localhost.localdomain kernel:  intel_digital_port_connected+0x2d/0xa0
ago 11 18:10:47 localhost.localdomain kernel:  intel_dp_detect+0x10a/0x900
ago 11 18:10:47 localhost.localdomain kernel:  drm_helper_probe_single_connector_modes+0x425/0x690
ago 11 18:10:47 localhost.localdomain kernel:  ? drm_atomic_get_property+0x157/0x230
ago 11 18:10:47 localhost.localdomain kernel:  drm_mode_getconnector+0x37a/0x480
ago 11 18:10:47 localhost.localdomain kernel:  ? __pfx_drm_mode_getconnector+0x10/0x10
ago 11 18:10:47 localhost.localdomain kernel:  drm_ioctl_kernel+0xa9/0x100
ago 11 18:10:47 localhost.localdomain kernel:  drm_ioctl+0x226/0x4d0
ago 11 18:10:47 localhost.localdomain kernel:  ? __pfx_drm_mode_getconnector+0x10/0x10
ago 11 18:10:47 localhost.localdomain kernel:  __x64_sys_ioctl+0x91/0xe0
ago 11 18:10:47 localhost.localdomain kernel:  do_syscall_64+0xee/0x590
ago 11 18:10:47 localhost.localdomain kernel:  entry_SYSCALL_64_after_hwframe+0x77/0x7f
ago 11 18:10:47 localhost.localdomain kernel: RIP: 0033:0x7fe3dc45a91b
ago 11 18:10:47 localhost.localdomain kernel: Code: 00 48 89 44 24 18 31 c0 48 8d 44 24 60 c7 04 24 10 00 00 00 48 89 44 24 08 48 8d 44 24 20 48 89 44 24 10 b8 10 00 00 00 0f 05 <89> c2 3d 00 f0 ff ff 77 1c 48 8b 44 24 18 64 48 2b 04 25 28 00 00
ago 11 18:10:47 localhost.localdomain kernel: RSP: 002b:00007fe3b3ee12c0 EFLAGS: 00000246 ORIG_RAX: 0000000000000010
ago 11 18:10:47 localhost.localdomain kernel: RAX: ffffffffffffffda RBX: 00007fe3ac02b6b0 RCX: 00007fe3dc45a91b
ago 11 18:10:47 localhost.localdomain kernel: RDX: 00007fe3b3ee1360 RSI: 00000000c05064a7 RDI: 000000000000000c
ago 11 18:10:47 localhost.localdomain kernel: RBP: 00007fe3b3ee1360 R08: 0000000000000060 R09: 0000000000000008
ago 11 18:10:47 localhost.localdomain kernel: R10: 00007fe3ac02dd10 R11: 0000000000000246 R12: 00000000c05064a7
ago 11 18:10:47 localhost.localdomain kernel: R13: 000000000000000c R14: 00000000c05064a7 R15: 00007fe3b3ee1360
ago 11 18:10:47 localhost.localdomain kernel:  </TASK>
ago 11 18:10:47 localhost.localdomain kernel: ---[ end trace 0000000000000000 ]---
ago 11 18:10:47 localhost.localdomain kernel: usb 1-4: USB disconnect, device number 12
ago 11 18:10:48 localhost.localdomain kernel: usb 1-1: new full-speed USB device number 17 using xhci_hcd
ago 11 18:10:49 localhost.localdomain kernel: usb 1-1: device descriptor read/64, error -71
ago 11 18:10:49 localhost.localdomain kernel: usb 1-1: device descriptor read/64, error -71
ago 11 18:10:49 localhost.localdomain kernel: usb 1-1: new full-speed USB device number 18 using xhci_hcd
ago 11 18:10:49 localhost.localdomain kernel: usb 1-1: device descriptor read/64, error -71
ago 11 18:10:49 localhost.localdomain kernel: usb 1-1: device descriptor read/64, error -71
ago 11 18:10:49 localhost.localdomain kernel: usb usb1-port1: attempt power cycle
ago 11 18:10:50 localhost.localdomain kernel: usb 1-1: new full-speed USB device number 19 using xhci_hcd
ago 11 18:10:50 localhost.localdomain kernel: usb 1-1: Device not responding to setup address.
ago 11 18:10:50 localhost.localdomain kernel: usb 1-1: Device not responding to setup address.
ago 11 18:10:50 localhost.localdomain kernel: usb 1-1: device not accepting address 19, error -71
ago 11 18:10:50 localhost.localdomain kernel: usb 1-1: WARN: invalid context state for evaluate context command.
ago 11 18:10:50 localhost.localdomain kernel: usb 1-1: new full-speed USB device number 20 using xhci_hcd
ago 11 18:10:50 localhost.localdomain kernel: usb 1-1: Device not responding to setup address.
ago 11 18:10:51 localhost.localdomain kernel: usb 1-1: Device not responding to setup address.
ago 11 18:10:51 localhost.localdomain kernel: usb 1-1: device not accepting address 20, error -71
ago 11 18:10:51 localhost.localdomain kernel: usb 1-1: WARN: invalid context state for evaluate context command.
ago 11 18:10:51 localhost.localdomain kernel: usb usb1-port1: unable to enumerate USB device
ago 11 18:10:51 localhost.localdomain kernel: usb 1-4: new full-speed USB device number 21 using xhci_hcd
ago 11 18:10:51 localhost.localdomain kernel: usb 1-4: New USB device found, idVendor=1234, idProduct=abcd, bcdDevice= 0.00
ago 11 18:10:51 localhost.localdomain kernel: usb 1-4: New USB device strings: Mfr=1, Product=2, SerialNumber=0
ago 11 18:10:51 localhost.localdomain kernel: usb 1-4: Product: TCA9537-B32
ago 11 18:10:51 localhost.localdomain kernel: usb 1-4: Manufacturer: NYM
ago 11 18:10:51 localhost.localdomain kernel: input: NYM TCA9537-B32 Touchscreen as /devices/pci0000:00/0000:00:14.0/usb1/1-4/1-4:1.0/0003:1234:ABCD.0007/input/input15
ago 11 18:10:51 localhost.localdomain kernel: hid-generic 0003:1234:ABCD.0007: input,hiddev96,hidraw0: USB HID v1.00 Device [NYM TCA9537-B32] on usb-0000:00:14.0-4/input0
ago 11 18:10:57 localhost.localdomain kernel: ------------[ cut here ]------------
ago 11 18:10:57 localhost.localdomain kernel: i915 0000:00:02.0: [drm] drm_WARN_ON(tc->mode == TC_PORT_LEGACY)
ago 11 18:10:57 localhost.localdomain kernel: WARNING: drivers/gpu/drm/i915/display/intel_tc.c:933 at adlp_tc_phy_connect+0x10b/0x1e0, CPU#0: KMS thread/8395
ago 11 18:10:57 localhost.localdomain kernel: Modules linked in: intel_ipu6_isys videobuf2_dma_sg videobuf2_memops videobuf2_v4l2 videobuf2_common iwlmvm mac80211 libarc4 iwlwifi x86_pkg_temp_thermal cfg80211 intel_ipu6 ipu_bridge intel_skl_int3472_tps68470 mfd_core gc8034 gc5035 intel_skl_int3472_discrete v4l2_cci intel_skl_int3472_common regmap_i2c
ago 11 18:10:57 localhost.localdomain kernel: CPU: 0 UID: 103 PID: 8395 Comm: KMS thread Tainted: G S      W           7.2.0-rc7-intelcam-geffb39a5b9a0 #3 PREEMPT(lazy) 
ago 11 18:10:57 localhost.localdomain kernel: Tainted: [S]=CPU_OUT_OF_SPEC, [W]=WARN
ago 11 18:10:57 localhost.localdomain kernel: Hardware name: CHUWI Innovation And Technology(ShenZhen)co.,Ltd Hi10 X1/Default string, BIOS SA10C.N1195.24071902.014 09/20/2024
ago 11 18:10:57 localhost.localdomain kernel: RIP: 0010:adlp_tc_phy_connect+0x115/0x1e0
ago 11 18:10:57 localhost.localdomain kernel: Code: 48 8b 7f 08 4c 8b 77 50 4d 85 f6 0f 84 d7 00 00 00 e8 7f 94 0b 00 48 89 c6 48 8d 3d 55 94 2c 01 48 c7 c1 f8 ff 24 ae 4c 89 f2 <67> 48 0f b9 3a 48 8b 03 4c 8b 30 4d 85 f6 74 0b 4c 89 f7 e8 e3 39
ago 11 18:10:57 localhost.localdomain kernel: RSP: 0018:ffffa6ae830d7b20 EFLAGS: 00010286
ago 11 18:10:57 localhost.localdomain kernel: RAX: ffffffffae2e4942 RBX: ffffa40140fa1200 RCX: ffffffffae24fff8
ago 11 18:10:57 localhost.localdomain kernel: RDX: ffffa40141327280 RSI: ffffffffae2e4942 RDI: ffffffffae6d4f50
ago 11 18:10:57 localhost.localdomain kernel: RBP: ffffa40141072000 R08: 0000000000000000 R09: ffffa40141072000
ago 11 18:10:57 localhost.localdomain kernel: R10: 0000000000000000 R11: 0000000000000000 R12: 0000000000000019
ago 11 18:10:57 localhost.localdomain kernel: R13: 0000000000000001 R14: ffffa40141327280 R15: 0000000000000000
ago 11 18:10:57 localhost.localdomain kernel: FS:  00007fe3b3ee26c0(0000) GS:ffffa40308ad1000(0000) knlGS:0000000000000000
ago 11 18:10:57 localhost.localdomain kernel: CS:  0010 DS: 0000 ES: 0000 CR0: 0000000080050033
ago 11 18:10:57 localhost.localdomain kernel: CR2: 000055a07f81bea0 CR3: 0000000123801000 CR4: 0000000000f50ef0
ago 11 18:10:57 localhost.localdomain kernel: PKRU: 55555554
ago 11 18:10:57 localhost.localdomain kernel: Call Trace:
ago 11 18:10:57 localhost.localdomain kernel:  <TASK>
ago 11 18:10:57 localhost.localdomain kernel:  intel_tc_port_update_mode+0x21a/0x3a0
ago 11 18:10:57 localhost.localdomain kernel:  ? __cancel_work+0x3b/0x100
ago 11 18:10:57 localhost.localdomain kernel:  __intel_tc_port_lock+0xc3/0x130
ago 11 18:10:57 localhost.localdomain kernel:  intel_digital_port_connected+0x2d/0xa0
ago 11 18:10:57 localhost.localdomain kernel:  intel_dp_detect+0x10a/0x900
ago 11 18:10:57 localhost.localdomain kernel:  drm_helper_probe_single_connector_modes+0x425/0x690
ago 11 18:10:57 localhost.localdomain kernel:  ? drm_atomic_get_property+0x157/0x230
ago 11 18:10:57 localhost.localdomain kernel:  drm_mode_getconnector+0x37a/0x480
ago 11 18:10:57 localhost.localdomain kernel:  ? __drm_mode_object_find+0x9a/0xf0
ago 11 18:10:57 localhost.localdomain kernel:  ? __pfx_drm_mode_getconnector+0x10/0x10
ago 11 18:10:57 localhost.localdomain kernel:  drm_ioctl_kernel+0xa9/0x100
ago 11 18:10:57 localhost.localdomain kernel:  drm_ioctl+0x226/0x4d0
ago 11 18:10:57 localhost.localdomain kernel:  ? __pfx_drm_mode_getconnector+0x10/0x10
ago 11 18:10:57 localhost.localdomain kernel:  __x64_sys_ioctl+0x91/0xe0
ago 11 18:10:57 localhost.localdomain kernel:  do_syscall_64+0xee/0x590
ago 11 18:10:57 localhost.localdomain kernel:  entry_SYSCALL_64_after_hwframe+0x77/0x7f
ago 11 18:10:57 localhost.localdomain kernel: RIP: 0033:0x7fe3dc45a91b
ago 11 18:10:57 localhost.localdomain kernel: Code: 00 48 89 44 24 18 31 c0 48 8d 44 24 60 c7 04 24 10 00 00 00 48 89 44 24 08 48 8d 44 24 20 48 89 44 24 10 b8 10 00 00 00 0f 05 <89> c2 3d 00 f0 ff ff 77 1c 48 8b 44 24 18 64 48 2b 04 25 28 00 00
ago 11 18:10:57 localhost.localdomain kernel: RSP: 002b:00007fe3b3ee12c0 EFLAGS: 00000246 ORIG_RAX: 0000000000000010
ago 11 18:10:57 localhost.localdomain kernel: RAX: ffffffffffffffda RBX: 00007fe3ac035de0 RCX: 00007fe3dc45a91b
ago 11 18:10:57 localhost.localdomain kernel: RDX: 00007fe3b3ee1360 RSI: 00000000c05064a7 RDI: 000000000000000c
ago 11 18:10:57 localhost.localdomain kernel: RBP: 00007fe3b3ee1360 R08: 0000000000000060 R09: 0000000000000008
ago 11 18:10:57 localhost.localdomain kernel: R10: 00007fe3ac02dd10 R11: 0000000000000246 R12: 00000000c05064a7
ago 11 18:10:57 localhost.localdomain kernel: R13: 000000000000000c R14: 00000000c05064a7 R15: 00007fe3b3ee1360
ago 11 18:10:57 localhost.localdomain kernel:  </TASK>
ago 11 18:10:57 localhost.localdomain kernel: ---[ end trace 0000000000000000 ]---
ago 11 18:10:57 localhost.localdomain kernel: ------------[ cut here ]------------
ago 11 18:10:57 localhost.localdomain kernel: i915 0000:00:02.0: [drm] drm_WARN_ON(val == 0xffffffff)
ago 11 18:10:57 localhost.localdomain kernel: WARNING: drivers/gpu/drm/i915/display/intel_tc.c:315 at get_pin_assignment+0x1a9/0x210, CPU#0: KMS thread/8395
ago 11 18:10:57 localhost.localdomain kernel: Modules linked in: intel_ipu6_isys videobuf2_dma_sg videobuf2_memops videobuf2_v4l2 videobuf2_common iwlmvm mac80211 libarc4 iwlwifi x86_pkg_temp_thermal cfg80211 intel_ipu6 ipu_bridge intel_skl_int3472_tps68470 mfd_core gc8034 gc5035 intel_skl_int3472_discrete v4l2_cci intel_skl_int3472_common regmap_i2c
ago 11 18:10:57 localhost.localdomain kernel: CPU: 0 UID: 103 PID: 8395 Comm: KMS thread Tainted: G S      W           7.2.0-rc7-intelcam-geffb39a5b9a0 #3 PREEMPT(lazy) 
ago 11 18:10:57 localhost.localdomain kernel: Tainted: [S]=CPU_OUT_OF_SPEC, [W]=WARN
ago 11 18:10:57 localhost.localdomain kernel: Hardware name: CHUWI Innovation And Technology(ShenZhen)co.,Ltd Hi10 X1/Default string, BIOS SA10C.N1195.24071902.014 09/20/2024
ago 11 18:10:57 localhost.localdomain kernel: RIP: 0010:get_pin_assignment+0x1b3/0x210
ago 11 18:10:57 localhost.localdomain kernel: Code: 85 ff 74 04 48 8b 7f 08 4c 8b 6f 50 4d 85 ed 74 23 e8 91 9c 0b 00 48 89 c6 48 8d 3d f7 9b 2c 01 48 c7 c1 50 00 25 ae 4c 89 ea <67> 48 0f b9 3a e9 2f ff ff ff 4c 8b 2f eb d8 48 8b 7d 00 48 85 ff
ago 11 18:10:57 localhost.localdomain kernel: RSP: 0018:ffffa6ae830d7ac0 EFLAGS: 00010286
ago 11 18:10:57 localhost.localdomain kernel: RAX: ffffffffae2e4942 RBX: 00000000ffffffff RCX: ffffffffae250050
ago 11 18:10:57 localhost.localdomain kernel: RDX: ffffa40141327280 RSI: ffffffffae2e4942 RDI: ffffffffae6d4ee0
ago 11 18:10:57 localhost.localdomain kernel: RBP: ffffa40141072000 R08: 0000000000000000 R09: 0000000000000001
ago 11 18:10:57 localhost.localdomain kernel: R10: 00000000ffffffff R11: ffffffffae5f4b40 R12: ffffa40140fa1200
ago 11 18:10:57 localhost.localdomain kernel: R13: ffffa40141327280 R14: 000000000000000f R15: 000000000000000f
ago 11 18:10:57 localhost.localdomain kernel: FS:  00007fe3b3ee26c0(0000) GS:ffffa40308ad1000(0000) knlGS:0000000000000000
ago 11 18:10:57 localhost.localdomain kernel: CS:  0010 DS: 0000 ES: 0000 CR0: 0000000080050033
ago 11 18:10:57 localhost.localdomain kernel: CR2: 000055a07f81bea0 CR3: 0000000123801000 CR4: 0000000000f50ef0
ago 11 18:10:57 localhost.localdomain kernel: PKRU: 55555554
ago 11 18:10:57 localhost.localdomain kernel: Call Trace:
ago 11 18:10:57 localhost.localdomain kernel:  <TASK>
ago 11 18:10:57 localhost.localdomain kernel:  read_pin_configuration+0xe/0x200
ago 11 18:10:57 localhost.localdomain kernel:  adlp_tc_phy_connect+0x155/0x1e0
ago 11 18:10:57 localhost.localdomain kernel:  intel_tc_port_update_mode+0x21a/0x3a0
ago 11 18:10:57 localhost.localdomain kernel:  ? __cancel_work+0x3b/0x100
ago 11 18:10:57 localhost.localdomain kernel:  __intel_tc_port_lock+0xc3/0x130
ago 11 18:10:57 localhost.localdomain kernel:  intel_digital_port_connected+0x2d/0xa0
ago 11 18:10:57 localhost.localdomain kernel:  intel_dp_detect+0x10a/0x900
ago 11 18:10:57 localhost.localdomain kernel:  drm_helper_probe_single_connector_modes+0x425/0x690
ago 11 18:10:57 localhost.localdomain kernel:  ? drm_atomic_get_property+0x157/0x230
ago 11 18:10:57 localhost.localdomain kernel:  drm_mode_getconnector+0x37a/0x480
ago 11 18:10:57 localhost.localdomain kernel:  ? __drm_mode_object_find+0x9a/0xf0
ago 11 18:10:57 localhost.localdomain kernel:  ? __pfx_drm_mode_getconnector+0x10/0x10
ago 11 18:10:57 localhost.localdomain kernel:  drm_ioctl_kernel+0xa9/0x100
ago 11 18:10:57 localhost.localdomain kernel:  drm_ioctl+0x226/0x4d0
ago 11 18:10:57 localhost.localdomain kernel:  ? __pfx_drm_mode_getconnector+0x10/0x10
ago 11 18:10:57 localhost.localdomain kernel:  __x64_sys_ioctl+0x91/0xe0
ago 11 18:10:57 localhost.localdomain kernel:  do_syscall_64+0xee/0x590
ago 11 18:10:57 localhost.localdomain kernel:  entry_SYSCALL_64_after_hwframe+0x77/0x7f
ago 11 18:10:57 localhost.localdomain kernel: RIP: 0033:0x7fe3dc45a91b
ago 11 18:10:57 localhost.localdomain kernel: Code: 00 48 89 44 24 18 31 c0 48 8d 44 24 60 c7 04 24 10 00 00 00 48 89 44 24 08 48 8d 44 24 20 48 89 44 24 10 b8 10 00 00 00 0f 05 <89> c2 3d 00 f0 ff ff 77 1c 48 8b 44 24 18 64 48 2b 04 25 28 00 00
ago 11 18:10:57 localhost.localdomain kernel: RSP: 002b:00007fe3b3ee12c0 EFLAGS: 00000246 ORIG_RAX: 0000000000000010
ago 11 18:10:57 localhost.localdomain kernel: RAX: ffffffffffffffda RBX: 00007fe3ac035de0 RCX: 00007fe3dc45a91b
ago 11 18:10:57 localhost.localdomain kernel: RDX: 00007fe3b3ee1360 RSI: 00000000c05064a7 RDI: 000000000000000c
ago 11 18:10:57 localhost.localdomain kernel: RBP: 00007fe3b3ee1360 R08: 0000000000000060 R09: 0000000000000008
ago 11 18:10:57 localhost.localdomain kernel: R10: 00007fe3ac02dd10 R11: 0000000000000246 R12: 00000000c05064a7
ago 11 18:10:57 localhost.localdomain kernel: R13: 000000000000000c R14: 00000000c05064a7 R15: 00007fe3b3ee1360
ago 11 18:10:57 localhost.localdomain kernel:  </TASK>
ago 11 18:10:57 localhost.localdomain kernel: ---[ end trace 0000000000000000 ]---
ago 11 18:10:57 localhost.localdomain kernel: ------------[ cut here ]------------
ago 11 18:10:57 localhost.localdomain kernel: Missing case (pin_assignment == 15)
ago 11 18:10:57 localhost.localdomain kernel: WARNING: drivers/gpu/drm/i915/display/intel_tc.c:332 at get_pin_assignment+0x153/0x210, CPU#0: KMS thread/8395
ago 11 18:10:57 localhost.localdomain kernel: Modules linked in: intel_ipu6_isys videobuf2_dma_sg videobuf2_memops videobuf2_v4l2 videobuf2_common iwlmvm mac80211 libarc4 iwlwifi x86_pkg_temp_thermal cfg80211 intel_ipu6 ipu_bridge intel_skl_int3472_tps68470 mfd_core gc8034 gc5035 intel_skl_int3472_discrete v4l2_cci intel_skl_int3472_common regmap_i2c
ago 11 18:10:57 localhost.localdomain kernel: CPU: 0 UID: 103 PID: 8395 Comm: KMS thread Tainted: G S      W           7.2.0-rc7-intelcam-geffb39a5b9a0 #3 PREEMPT(lazy) 
ago 11 18:10:57 localhost.localdomain kernel: Tainted: [S]=CPU_OUT_OF_SPEC, [W]=WARN
ago 11 18:10:57 localhost.localdomain kernel: Hardware name: CHUWI Innovation And Technology(ShenZhen)co.,Ltd Hi10 X1/Default string, BIOS SA10C.N1195.24071902.014 09/20/2024
ago 11 18:10:57 localhost.localdomain kernel: RIP: 0010:get_pin_assignment+0x15c/0x210
ago 11 18:10:57 localhost.localdomain kernel: Code: 00 15 16 00 41 be 00 00 00 1e 41 bf 00 00 00 1e e9 3d ff ff ff 83 fb 06 74 c3 48 8d 3d 3d 9c 2c 01 48 c7 c6 23 0b 2e ae 89 da <67> 48 0f b9 3a 89 d8 5b 5d 41 5c 41 5d 41 5e 41 5f c3 cc cc cc cc
ago 11 18:10:57 localhost.localdomain kernel: RSP: 0018:ffffa6ae830d7ac0 EFLAGS: 00010206
ago 11 18:10:57 localhost.localdomain kernel: RAX: 0000000000000001 RBX: 000000000000000f RCX: 0000000000000000
ago 11 18:10:57 localhost.localdomain kernel: RDX: 000000000000000f RSI: ffffffffae2e0b23 RDI: ffffffffae6d4ed0
ago 11 18:10:57 localhost.localdomain kernel: RBP: ffffa40141072000 R08: 0000000000000000 R09: 0000000000000001
ago 11 18:10:57 localhost.localdomain kernel: R10: 00000000ffffffff R11: ffffffffae5f4b40 R12: ffffa40140fa1200
ago 11 18:10:57 localhost.localdomain kernel: R13: ffffa40141327280 R14: 000000000000000f R15: 000000000000000f
ago 11 18:10:57 localhost.localdomain kernel: FS:  00007fe3b3ee26c0(0000) GS:ffffa40308ad1000(0000) knlGS:0000000000000000
ago 11 18:10:57 localhost.localdomain kernel: CS:  0010 DS: 0000 ES: 0000 CR0: 0000000080050033
ago 11 18:10:57 localhost.localdomain kernel: CR2: 000055a07f81bea0 CR3: 0000000123801000 CR4: 0000000000f50ef0
ago 11 18:10:57 localhost.localdomain kernel: PKRU: 55555554
ago 11 18:10:57 localhost.localdomain kernel: Call Trace:
ago 11 18:10:57 localhost.localdomain kernel:  <TASK>
ago 11 18:10:57 localhost.localdomain kernel:  read_pin_configuration+0xe/0x200
ago 11 18:10:57 localhost.localdomain kernel:  adlp_tc_phy_connect+0x155/0x1e0
ago 11 18:10:57 localhost.localdomain kernel:  intel_tc_port_update_mode+0x21a/0x3a0
ago 11 18:10:57 localhost.localdomain kernel:  ? __cancel_work+0x3b/0x100
ago 11 18:10:57 localhost.localdomain kernel:  __intel_tc_port_lock+0xc3/0x130
ago 11 18:10:57 localhost.localdomain kernel:  intel_digital_port_connected+0x2d/0xa0
ago 11 18:10:57 localhost.localdomain kernel:  intel_dp_detect+0x10a/0x900
ago 11 18:10:57 localhost.localdomain kernel:  drm_helper_probe_single_connector_modes+0x425/0x690
ago 11 18:10:57 localhost.localdomain kernel:  ? drm_atomic_get_property+0x157/0x230
ago 11 18:10:57 localhost.localdomain kernel:  drm_mode_getconnector+0x37a/0x480
ago 11 18:10:57 localhost.localdomain kernel:  ? __drm_mode_object_find+0x9a/0xf0
ago 11 18:10:57 localhost.localdomain kernel:  ? __pfx_drm_mode_getconnector+0x10/0x10
ago 11 18:10:57 localhost.localdomain kernel:  drm_ioctl_kernel+0xa9/0x100
ago 11 18:10:57 localhost.localdomain kernel:  drm_ioctl+0x226/0x4d0
ago 11 18:10:57 localhost.localdomain kernel:  ? __pfx_drm_mode_getconnector+0x10/0x10
ago 11 18:10:57 localhost.localdomain kernel:  __x64_sys_ioctl+0x91/0xe0
ago 11 18:10:57 localhost.localdomain kernel:  do_syscall_64+0xee/0x590
ago 11 18:10:57 localhost.localdomain kernel:  entry_SYSCALL_64_after_hwframe+0x77/0x7f
ago 11 18:10:57 localhost.localdomain kernel: RIP: 0033:0x7fe3dc45a91b
ago 11 18:10:57 localhost.localdomain kernel: Code: 00 48 89 44 24 18 31 c0 48 8d 44 24 60 c7 04 24 10 00 00 00 48 89 44 24 08 48 8d 44 24 20 48 89 44 24 10 b8 10 00 00 00 0f 05 <89> c2 3d 00 f0 ff ff 77 1c 48 8b 44 24 18 64 48 2b 04 25 28 00 00
ago 11 18:10:57 localhost.localdomain kernel: RSP: 002b:00007fe3b3ee12c0 EFLAGS: 00000246 ORIG_RAX: 0000000000000010
ago 11 18:10:57 localhost.localdomain kernel: RAX: ffffffffffffffda RBX: 00007fe3ac035de0 RCX: 00007fe3dc45a91b
ago 11 18:10:57 localhost.localdomain kernel: RDX: 00007fe3b3ee1360 RSI: 00000000c05064a7 RDI: 000000000000000c
ago 11 18:10:57 localhost.localdomain kernel: RBP: 00007fe3b3ee1360 R08: 0000000000000060 R09: 0000000000000008
ago 11 18:10:57 localhost.localdomain kernel: R10: 00007fe3ac02dd10 R11: 0000000000000246 R12: 00000000c05064a7
ago 11 18:10:57 localhost.localdomain kernel: R13: 000000000000000c R14: 00000000c05064a7 R15: 00007fe3b3ee1360
ago 11 18:10:57 localhost.localdomain kernel:  </TASK>
ago 11 18:10:57 localhost.localdomain kernel: ---[ end trace 0000000000000000 ]---
ago 11 18:10:58 localhost.localdomain kernel: usb 1-4: USB disconnect, device number 21
ago 11 18:10:59 localhost.localdomain kernel: usb 1-4: new full-speed USB device number 22 using xhci_hcd
ago 11 18:10:59 localhost.localdomain kernel: usb 1-4: New USB device found, idVendor=1234, idProduct=abcd, bcdDevice= 0.00
ago 11 18:10:59 localhost.localdomain kernel: usb 1-4: New USB device strings: Mfr=1, Product=2, SerialNumber=0
ago 11 18:10:59 localhost.localdomain kernel: usb 1-4: Product: TCA9537-B32
ago 11 18:10:59 localhost.localdomain kernel: usb 1-4: Manufacturer: NYM
ago 11 18:10:59 localhost.localdomain kernel: input: NYM TCA9537-B32 Touchscreen as /devices/pci0000:00/0000:00:14.0/usb1/1-4/1-4:1.0/0003:1234:ABCD.0008/input/input17
ago 11 18:10:59 localhost.localdomain kernel: hid-generic 0003:1234:ABCD.0008: input,hiddev96,hidraw0: USB HID v1.00 Device [NYM TCA9537-B32] on usb-0000:00:14.0-4/input0
ago 11 18:11:26 localhost.localdomain kernel: usb 1-3: new low-speed USB device number 23 using xhci_hcd
ago 11 18:11:26 localhost.localdomain kernel: usb 1-3: New USB device found, idVendor=30fa, idProduct=2031, bcdDevice= 1.00
ago 11 18:11:26 localhost.localdomain kernel: usb 1-3: New USB device strings: Mfr=2, Product=1, SerialNumber=0
ago 11 18:11:26 localhost.localdomain kernel: usb 1-3: Product: USB Keyboard
ago 11 18:11:26 localhost.localdomain kernel: usb 1-3: Manufacturer: INSTANT
ago 11 18:11:26 localhost.localdomain kernel: input: INSTANT USB Keyboard as /devices/pci0000:00/0000:00:14.0/usb1/1-3/1-3:1.0/0003:30FA:2031.0009/input/input19
ago 11 18:11:26 localhost.localdomain kernel: hid-generic 0003:30FA:2031.0009: input,hidraw1: USB HID v1.10 Keyboard [INSTANT USB Keyboard] on usb-0000:00:14.0-3/input0
ago 11 18:11:26 localhost.localdomain kernel: input: INSTANT USB Keyboard Consumer Control as /devices/pci0000:00/0000:00:14.0/usb1/1-3/1-3:1.1/0003:30FA:2031.000A/input/input20
ago 11 18:11:26 localhost.localdomain kernel: input: INSTANT USB Keyboard System Control as /devices/pci0000:00/0000:00:14.0/usb1/1-3/1-3:1.1/0003:30FA:2031.000A/input/input21
ago 11 18:11:26 localhost.localdomain kernel: hid-generic 0003:30FA:2031.000A: input,hiddev97,hidraw2: USB HID v1.10 Device [INSTANT USB Keyboard] on usb-0000:00:14.0-3/input1
ago 11 18:11:39 localhost.localdomain kernel: rfkill: input handler enabled
ago 11 18:11:39 localhost.localdomain kernel: ------------[ cut here ]------------
ago 11 18:11:39 localhost.localdomain kernel: i915 0000:00:02.0: [drm] drm_WARN_ON(tc->mode == TC_PORT_LEGACY)
ago 11 18:11:39 localhost.localdomain kernel: WARNING: drivers/gpu/drm/i915/display/intel_tc.c:933 at adlp_tc_phy_connect+0x10b/0x1e0, CPU#3: KMS thread/9038
ago 11 18:11:39 localhost.localdomain kernel: Modules linked in: intel_ipu6_isys videobuf2_dma_sg videobuf2_memops videobuf2_v4l2 videobuf2_common iwlmvm mac80211 libarc4 iwlwifi x86_pkg_temp_thermal cfg80211 intel_ipu6 ipu_bridge intel_skl_int3472_tps68470 mfd_core gc8034 gc5035 intel_skl_int3472_discrete v4l2_cci intel_skl_int3472_common regmap_i2c
ago 11 18:11:39 localhost.localdomain kernel: CPU: 3 UID: 1000 PID: 9038 Comm: KMS thread Tainted: G S      W           7.2.0-rc7-intelcam-geffb39a5b9a0 #3 PREEMPT(lazy) 
ago 11 18:11:39 localhost.localdomain kernel: Tainted: [S]=CPU_OUT_OF_SPEC, [W]=WARN
ago 11 18:11:39 localhost.localdomain kernel: Hardware name: CHUWI Innovation And Technology(ShenZhen)co.,Ltd Hi10 X1/Default string, BIOS SA10C.N1195.24071902.014 09/20/2024
ago 11 18:11:39 localhost.localdomain kernel: RIP: 0010:adlp_tc_phy_connect+0x115/0x1e0
ago 11 18:11:39 localhost.localdomain kernel: Code: 48 8b 7f 08 4c 8b 77 50 4d 85 f6 0f 84 d7 00 00 00 e8 7f 94 0b 00 48 89 c6 48 8d 3d 55 94 2c 01 48 c7 c1 f8 ff 24 ae 4c 89 f2 <67> 48 0f b9 3a 48 8b 03 4c 8b 30 4d 85 f6 74 0b 4c 89 f7 e8 e3 39
ago 11 18:11:39 localhost.localdomain kernel: RSP: 0018:ffffa6ae83137b20 EFLAGS: 00010286
ago 11 18:11:39 localhost.localdomain kernel: RAX: ffffffffae2e4942 RBX: ffffa40140fa1200 RCX: ffffffffae24fff8
ago 11 18:11:39 localhost.localdomain kernel: RDX: ffffa40141327280 RSI: ffffffffae2e4942 RDI: ffffffffae6d4f50
ago 11 18:11:39 localhost.localdomain kernel: RBP: ffffa40141072000 R08: 0000000000000000 R09: ffffa40141072000
ago 11 18:11:39 localhost.localdomain kernel: R10: 0000000000000000 R11: 0000000000000000 R12: 0000000000000019
ago 11 18:11:39 localhost.localdomain kernel: R13: 0000000000000001 R14: ffffa40141327280 R15: 0000000000000000
ago 11 18:11:39 localhost.localdomain kernel: FS:  00007f0664db66c0(0000) GS:ffffa40308c51000(0000) knlGS:0000000000000000
ago 11 18:11:39 localhost.localdomain kernel: CS:  0010 DS: 0000 ES: 0000 CR0: 0000000080050033
ago 11 18:11:39 localhost.localdomain kernel: CR2: 00007f063c02f688 CR3: 00000001357c0000 CR4: 0000000000f50ef0
ago 11 18:11:39 localhost.localdomain kernel: PKRU: 55555554
ago 11 18:11:39 localhost.localdomain kernel: Call Trace:
ago 11 18:11:39 localhost.localdomain kernel:  <TASK>
ago 11 18:11:39 localhost.localdomain kernel:  intel_tc_port_update_mode+0x21a/0x3a0
ago 11 18:11:39 localhost.localdomain kernel:  ? __cancel_work+0x3b/0x100
ago 11 18:11:39 localhost.localdomain kernel:  __intel_tc_port_lock+0xc3/0x130
ago 11 18:11:39 localhost.localdomain kernel:  intel_digital_port_connected+0x2d/0xa0
ago 11 18:11:39 localhost.localdomain kernel:  intel_dp_detect+0x10a/0x900
ago 11 18:11:39 localhost.localdomain kernel:  drm_helper_probe_single_connector_modes+0x425/0x690
ago 11 18:11:39 localhost.localdomain kernel:  ? __alloc_frozen_pages_noprof+0x1c1/0x1580
ago 11 18:11:39 localhost.localdomain kernel:  drm_mode_getconnector+0x37a/0x480
ago 11 18:11:39 localhost.localdomain kernel:  ? __drm_mode_object_find+0x9a/0xf0
ago 11 18:11:39 localhost.localdomain kernel:  ? __pfx_drm_mode_getconnector+0x10/0x10
ago 11 18:11:39 localhost.localdomain kernel:  drm_ioctl_kernel+0xa9/0x100
ago 11 18:11:39 localhost.localdomain kernel:  drm_ioctl+0x226/0x4d0
ago 11 18:11:39 localhost.localdomain kernel:  ? __pfx_drm_mode_getconnector+0x10/0x10
ago 11 18:11:39 localhost.localdomain kernel:  __x64_sys_ioctl+0x91/0xe0
ago 11 18:11:39 localhost.localdomain kernel:  do_syscall_64+0xee/0x590
ago 11 18:11:39 localhost.localdomain kernel:  entry_SYSCALL_64_after_hwframe+0x77/0x7f
ago 11 18:11:39 localhost.localdomain kernel: RIP: 0033:0x7f066d00491b
ago 11 18:11:39 localhost.localdomain kernel: Code: 00 48 89 44 24 18 31 c0 48 8d 44 24 60 c7 04 24 10 00 00 00 48 89 44 24 08 48 8d 44 24 20 48 89 44 24 10 b8 10 00 00 00 0f 05 <89> c2 3d 00 f0 ff ff 77 1c 48 8b 44 24 18 64 48 2b 04 25 28 00 00
ago 11 18:11:39 localhost.localdomain kernel: RSP: 002b:00007f0664db50c0 EFLAGS: 00000246 ORIG_RAX: 0000000000000010
ago 11 18:11:39 localhost.localdomain kernel: RAX: ffffffffffffffda RBX: 00007f063c02b5b0 RCX: 00007f066d00491b
ago 11 18:11:39 localhost.localdomain kernel: RDX: 00007f0664db5160 RSI: 00000000c05064a7 RDI: 000000000000000c
ago 11 18:11:39 localhost.localdomain kernel: RBP: 00007f0664db5160 R08: 0000000000000060 R09: 0000000000000002
ago 11 18:11:39 localhost.localdomain kernel: R10: 00007f063c02e970 R11: 0000000000000246 R12: 00000000c05064a7
ago 11 18:11:39 localhost.localdomain kernel: R13: 000000000000000c R14: 00000000c05064a7 R15: 00007f0664db5160
ago 11 18:11:39 localhost.localdomain kernel:  </TASK>
ago 11 18:11:39 localhost.localdomain kernel: ---[ end trace 0000000000000000 ]---
ago 11 18:11:39 localhost.localdomain kernel: ------------[ cut here ]------------
ago 11 18:11:39 localhost.localdomain kernel: i915 0000:00:02.0: [drm] drm_WARN_ON(val == 0xffffffff)
ago 11 18:11:39 localhost.localdomain kernel: WARNING: drivers/gpu/drm/i915/display/intel_tc.c:315 at get_pin_assignment+0x1a9/0x210, CPU#2: KMS thread/9038
ago 11 18:11:39 localhost.localdomain kernel: Modules linked in: intel_ipu6_isys videobuf2_dma_sg videobuf2_memops videobuf2_v4l2 videobuf2_common iwlmvm mac80211 libarc4 iwlwifi x86_pkg_temp_thermal cfg80211 intel_ipu6 ipu_bridge intel_skl_int3472_tps68470 mfd_core gc8034 gc5035 intel_skl_int3472_discrete v4l2_cci intel_skl_int3472_common regmap_i2c
ago 11 18:11:39 localhost.localdomain kernel: CPU: 2 UID: 1000 PID: 9038 Comm: KMS thread Tainted: G S      W           7.2.0-rc7-intelcam-geffb39a5b9a0 #3 PREEMPT(lazy) 
ago 11 18:11:39 localhost.localdomain kernel: Tainted: [S]=CPU_OUT_OF_SPEC, [W]=WARN
ago 11 18:11:39 localhost.localdomain kernel: Hardware name: CHUWI Innovation And Technology(ShenZhen)co.,Ltd Hi10 X1/Default string, BIOS SA10C.N1195.24071902.014 09/20/2024
ago 11 18:11:39 localhost.localdomain kernel: RIP: 0010:get_pin_assignment+0x1b3/0x210
ago 11 18:11:39 localhost.localdomain kernel: Code: 85 ff 74 04 48 8b 7f 08 4c 8b 6f 50 4d 85 ed 74 23 e8 91 9c 0b 00 48 89 c6 48 8d 3d f7 9b 2c 01 48 c7 c1 50 00 25 ae 4c 89 ea <67> 48 0f b9 3a e9 2f ff ff ff 4c 8b 2f eb d8 48 8b 7d 00 48 85 ff
ago 11 18:11:39 localhost.localdomain kernel: RSP: 0018:ffffa6ae83137ac0 EFLAGS: 00010286
ago 11 18:11:39 localhost.localdomain kernel: RAX: ffffffffae2e4942 RBX: 00000000ffffffff RCX: ffffffffae250050
ago 11 18:11:39 localhost.localdomain kernel: RDX: ffffa40141327280 RSI: ffffffffae2e4942 RDI: ffffffffae6d4ee0
ago 11 18:11:39 localhost.localdomain kernel: RBP: ffffa40141072000 R08: 0000000000000000 R09: 0000000000000001
ago 11 18:11:39 localhost.localdomain kernel: R10: 00000024b7ee9be6 R11: 0000000000000016 R12: ffffa40140fa1200
ago 11 18:11:39 localhost.localdomain kernel: R13: ffffa40141327280 R14: 000000000000000f R15: 000000000000000f
ago 11 18:11:39 localhost.localdomain kernel: FS:  00007f0664db66c0(0000) GS:ffffa40308bd1000(0000) knlGS:0000000000000000
ago 11 18:11:39 localhost.localdomain kernel: CS:  0010 DS: 0000 ES: 0000 CR0: 0000000080050033
ago 11 18:11:39 localhost.localdomain kernel: CR2: 00007f52ffa9aca0 CR3: 00000001357c0000 CR4: 0000000000f50ef0
ago 11 18:11:39 localhost.localdomain kernel: PKRU: 55555554
ago 11 18:11:39 localhost.localdomain kernel: Call Trace:
ago 11 18:11:39 localhost.localdomain kernel:  <TASK>
ago 11 18:11:39 localhost.localdomain kernel:  read_pin_configuration+0xe/0x200
ago 11 18:11:39 localhost.localdomain kernel:  adlp_tc_phy_connect+0x155/0x1e0
ago 11 18:11:39 localhost.localdomain kernel:  intel_tc_port_update_mode+0x21a/0x3a0
ago 11 18:11:39 localhost.localdomain kernel:  ? __cancel_work+0x3b/0x100
ago 11 18:11:39 localhost.localdomain kernel:  __intel_tc_port_lock+0xc3/0x130
ago 11 18:11:39 localhost.localdomain kernel:  intel_digital_port_connected+0x2d/0xa0
ago 11 18:11:39 localhost.localdomain kernel:  intel_dp_detect+0x10a/0x900
ago 11 18:11:39 localhost.localdomain kernel:  drm_helper_probe_single_connector_modes+0x425/0x690
ago 11 18:11:39 localhost.localdomain kernel:  ? __alloc_frozen_pages_noprof+0x1c1/0x1580
ago 11 18:11:39 localhost.localdomain kernel:  drm_mode_getconnector+0x37a/0x480
ago 11 18:11:39 localhost.localdomain kernel:  ? __drm_mode_object_find+0x9a/0xf0
ago 11 18:11:39 localhost.localdomain kernel:  ? __pfx_drm_mode_getconnector+0x10/0x10
ago 11 18:11:39 localhost.localdomain kernel:  drm_ioctl_kernel+0xa9/0x100
ago 11 18:11:39 localhost.localdomain kernel:  drm_ioctl+0x226/0x4d0
ago 11 18:11:39 localhost.localdomain kernel:  ? __pfx_drm_mode_getconnector+0x10/0x10
ago 11 18:11:39 localhost.localdomain kernel:  __x64_sys_ioctl+0x91/0xe0
ago 11 18:11:39 localhost.localdomain kernel:  do_syscall_64+0xee/0x590
ago 11 18:11:39 localhost.localdomain kernel:  entry_SYSCALL_64_after_hwframe+0x77/0x7f
ago 11 18:11:39 localhost.localdomain kernel: RIP: 0033:0x7f066d00491b
ago 11 18:11:39 localhost.localdomain kernel: Code: 00 48 89 44 24 18 31 c0 48 8d 44 24 60 c7 04 24 10 00 00 00 48 89 44 24 08 48 8d 44 24 20 48 89 44 24 10 b8 10 00 00 00 0f 05 <89> c2 3d 00 f0 ff ff 77 1c 48 8b 44 24 18 64 48 2b 04 25 28 00 00
ago 11 18:11:39 localhost.localdomain kernel: RSP: 002b:00007f0664db50c0 EFLAGS: 00000246 ORIG_RAX: 0000000000000010
ago 11 18:11:39 localhost.localdomain kernel: RAX: ffffffffffffffda RBX: 00007f063c02b5b0 RCX: 00007f066d00491b
ago 11 18:11:39 localhost.localdomain kernel: RDX: 00007f0664db5160 RSI: 00000000c05064a7 RDI: 000000000000000c
ago 11 18:11:39 localhost.localdomain kernel: RBP: 00007f0664db5160 R08: 0000000000000060 R09: 0000000000000002
ago 11 18:11:39 localhost.localdomain kernel: R10: 00007f063c02e970 R11: 0000000000000246 R12: 00000000c05064a7
ago 11 18:11:39 localhost.localdomain kernel: R13: 000000000000000c R14: 00000000c05064a7 R15: 00007f0664db5160
ago 11 18:11:39 localhost.localdomain kernel:  </TASK>
ago 11 18:11:39 localhost.localdomain kernel: ---[ end trace 0000000000000000 ]---
ago 11 18:11:39 localhost.localdomain kernel: ------------[ cut here ]------------
ago 11 18:11:39 localhost.localdomain kernel: Missing case (pin_assignment == 15)
ago 11 18:11:39 localhost.localdomain kernel: WARNING: drivers/gpu/drm/i915/display/intel_tc.c:332 at get_pin_assignment+0x153/0x210, CPU#2: KMS thread/9038
ago 11 18:11:39 localhost.localdomain kernel: Modules linked in: intel_ipu6_isys videobuf2_dma_sg videobuf2_memops videobuf2_v4l2 videobuf2_common iwlmvm mac80211 libarc4 iwlwifi x86_pkg_temp_thermal cfg80211 intel_ipu6 ipu_bridge intel_skl_int3472_tps68470 mfd_core gc8034 gc5035 intel_skl_int3472_discrete v4l2_cci intel_skl_int3472_common regmap_i2c
ago 11 18:11:39 localhost.localdomain kernel: CPU: 2 UID: 1000 PID: 9038 Comm: KMS thread Tainted: G S      W           7.2.0-rc7-intelcam-geffb39a5b9a0 #3 PREEMPT(lazy) 
ago 11 18:11:39 localhost.localdomain kernel: Tainted: [S]=CPU_OUT_OF_SPEC, [W]=WARN
ago 11 18:11:39 localhost.localdomain kernel: Hardware name: CHUWI Innovation And Technology(ShenZhen)co.,Ltd Hi10 X1/Default string, BIOS SA10C.N1195.24071902.014 09/20/2024
ago 11 18:11:39 localhost.localdomain kernel: RIP: 0010:get_pin_assignment+0x15c/0x210
ago 11 18:11:39 localhost.localdomain kernel: Code: 00 15 16 00 41 be 00 00 00 1e 41 bf 00 00 00 1e e9 3d ff ff ff 83 fb 06 74 c3 48 8d 3d 3d 9c 2c 01 48 c7 c6 23 0b 2e ae 89 da <67> 48 0f b9 3a 89 d8 5b 5d 41 5c 41 5d 41 5e 41 5f c3 cc cc cc cc
ago 11 18:11:39 localhost.localdomain kernel: RSP: 0018:ffffa6ae83137ac0 EFLAGS: 00010206
ago 11 18:11:39 localhost.localdomain kernel: RAX: 0000000000000001 RBX: 000000000000000f RCX: 0000000000000000
ago 11 18:11:39 localhost.localdomain kernel: RDX: 000000000000000f RSI: ffffffffae2e0b23 RDI: ffffffffae6d4ed0
ago 11 18:11:39 localhost.localdomain kernel: RBP: ffffa40141072000 R08: 0000000000000000 R09: 0000000000000001
ago 11 18:11:39 localhost.localdomain kernel: R10: 00000024b7ee9be6 R11: 0000000000000016 R12: ffffa40140fa1200
ago 11 18:11:39 localhost.localdomain kernel: R13: ffffa40141327280 R14: 000000000000000f R15: 000000000000000f
ago 11 18:11:39 localhost.localdomain kernel: FS:  00007f0664db66c0(0000) GS:ffffa40308bd1000(0000) knlGS:0000000000000000
ago 11 18:11:39 localhost.localdomain kernel: CS:  0010 DS: 0000 ES: 0000 CR0: 0000000080050033
ago 11 18:11:39 localhost.localdomain kernel: CR2: 00007f52ffa9aca0 CR3: 00000001357c0000 CR4: 0000000000f50ef0
ago 11 18:11:39 localhost.localdomain kernel: PKRU: 55555554
ago 11 18:11:39 localhost.localdomain kernel: Call Trace:
ago 11 18:11:39 localhost.localdomain kernel:  <TASK>
ago 11 18:11:39 localhost.localdomain kernel:  read_pin_configuration+0xe/0x200
ago 11 18:11:39 localhost.localdomain kernel:  adlp_tc_phy_connect+0x155/0x1e0
ago 11 18:11:39 localhost.localdomain kernel:  intel_tc_port_update_mode+0x21a/0x3a0
ago 11 18:11:39 localhost.localdomain kernel:  ? __cancel_work+0x3b/0x100
ago 11 18:11:39 localhost.localdomain kernel:  __intel_tc_port_lock+0xc3/0x130
ago 11 18:11:39 localhost.localdomain kernel:  intel_digital_port_connected+0x2d/0xa0
ago 11 18:11:39 localhost.localdomain kernel:  intel_dp_detect+0x10a/0x900
ago 11 18:11:39 localhost.localdomain kernel:  drm_helper_probe_single_connector_modes+0x425/0x690
ago 11 18:11:39 localhost.localdomain kernel:  ? __alloc_frozen_pages_noprof+0x1c1/0x1580
ago 11 18:11:39 localhost.localdomain kernel:  drm_mode_getconnector+0x37a/0x480
ago 11 18:11:39 localhost.localdomain kernel:  ? __drm_mode_object_find+0x9a/0xf0
ago 11 18:11:39 localhost.localdomain kernel:  ? __pfx_drm_mode_getconnector+0x10/0x10
ago 11 18:11:39 localhost.localdomain kernel:  drm_ioctl_kernel+0xa9/0x100
ago 11 18:11:39 localhost.localdomain kernel:  drm_ioctl+0x226/0x4d0
ago 11 18:11:39 localhost.localdomain kernel:  ? __pfx_drm_mode_getconnector+0x10/0x10
ago 11 18:11:39 localhost.localdomain kernel:  __x64_sys_ioctl+0x91/0xe0
ago 11 18:11:39 localhost.localdomain kernel:  do_syscall_64+0xee/0x590
ago 11 18:11:39 localhost.localdomain kernel:  entry_SYSCALL_64_after_hwframe+0x77/0x7f
ago 11 18:11:39 localhost.localdomain kernel: RIP: 0033:0x7f066d00491b
ago 11 18:11:39 localhost.localdomain kernel: Code: 00 48 89 44 24 18 31 c0 48 8d 44 24 60 c7 04 24 10 00 00 00 48 89 44 24 08 48 8d 44 24 20 48 89 44 24 10 b8 10 00 00 00 0f 05 <89> c2 3d 00 f0 ff ff 77 1c 48 8b 44 24 18 64 48 2b 04 25 28 00 00
ago 11 18:11:39 localhost.localdomain kernel: RSP: 002b:00007f0664db50c0 EFLAGS: 00000246 ORIG_RAX: 0000000000000010
ago 11 18:11:39 localhost.localdomain kernel: RAX: ffffffffffffffda RBX: 00007f063c02b5b0 RCX: 00007f066d00491b
ago 11 18:11:39 localhost.localdomain kernel: RDX: 00007f0664db5160 RSI: 00000000c05064a7 RDI: 000000000000000c
ago 11 18:11:39 localhost.localdomain kernel: RBP: 00007f0664db5160 R08: 0000000000000060 R09: 0000000000000002
ago 11 18:11:39 localhost.localdomain kernel: R10: 00007f063c02e970 R11: 0000000000000246 R12: 00000000c05064a7
ago 11 18:11:39 localhost.localdomain kernel: R13: 000000000000000c R14: 00000000c05064a7 R15: 00007f0664db5160
ago 11 18:11:39 localhost.localdomain kernel:  </TASK>
ago 11 18:11:39 localhost.localdomain kernel: ---[ end trace 0000000000000000 ]---
ago 11 18:11:40 localhost.localdomain kernel: rfkill: input handler disabled
ago 11 18:12:43 localhost.localdomain kernel: rfkill: input handler enabled
ago 11 18:12:43 localhost.localdomain kernel: ------------[ cut here ]------------
ago 11 18:12:43 localhost.localdomain kernel: i915 0000:00:02.0: [drm] drm_WARN_ON(tc->mode == TC_PORT_LEGACY)
ago 11 18:12:43 localhost.localdomain kernel: WARNING: drivers/gpu/drm/i915/display/intel_tc.c:933 at adlp_tc_phy_connect+0x10b/0x1e0, CPU#1: systemd-logind/311
ago 11 18:12:43 localhost.localdomain kernel: Modules linked in: intel_ipu6_isys videobuf2_dma_sg videobuf2_memops videobuf2_v4l2 videobuf2_common iwlmvm mac80211 libarc4 iwlwifi x86_pkg_temp_thermal cfg80211 intel_ipu6 ipu_bridge intel_skl_int3472_tps68470 mfd_core gc8034 gc5035 intel_skl_int3472_discrete v4l2_cci intel_skl_int3472_common regmap_i2c
ago 11 18:12:43 localhost.localdomain kernel: CPU: 1 UID: 0 PID: 311 Comm: systemd-logind Tainted: G S      W           7.2.0-rc7-intelcam-geffb39a5b9a0 #3 PREEMPT(lazy) 
ago 11 18:12:43 localhost.localdomain kernel: Tainted: [S]=CPU_OUT_OF_SPEC, [W]=WARN
ago 11 18:12:43 localhost.localdomain kernel: Hardware name: CHUWI Innovation And Technology(ShenZhen)co.,Ltd Hi10 X1/Default string, BIOS SA10C.N1195.24071902.014 09/20/2024
ago 11 18:12:43 localhost.localdomain kernel: RIP: 0010:adlp_tc_phy_connect+0x115/0x1e0
ago 11 18:12:43 localhost.localdomain kernel: Code: 48 8b 7f 08 4c 8b 77 50 4d 85 f6 0f 84 d7 00 00 00 e8 7f 94 0b 00 48 89 c6 48 8d 3d 55 94 2c 01 48 c7 c1 f8 ff 24 ae 4c 89 f2 <67> 48 0f b9 3a 48 8b 03 4c 8b 30 4d 85 f6 74 0b 4c 89 f7 e8 e3 39
ago 11 18:12:43 localhost.localdomain kernel: RSP: 0000:ffffa6ae802f76f0 EFLAGS: 00010286
ago 11 18:12:43 localhost.localdomain kernel: RAX: ffffffffae2e4942 RBX: ffffa40140fa1200 RCX: ffffffffae24fff8
ago 11 18:12:43 localhost.localdomain kernel: RDX: ffffa40141327280 RSI: ffffffffae2e4942 RDI: ffffffffae6d4f50
ago 11 18:12:43 localhost.localdomain kernel: RBP: ffffa40141072000 R08: 0000000000000000 R09: ffffa40141072000
ago 11 18:12:43 localhost.localdomain kernel: R10: 0000000000000000 R11: ffffa402b7a9c538 R12: 0000000000000019
ago 11 18:12:43 localhost.localdomain kernel: R13: 0000000000000001 R14: ffffa40141327280 R15: 0000000000000000
ago 11 18:12:43 localhost.localdomain kernel: FS:  00007fab6a670a00(0000) GS:ffffa40308b51000(0000) knlGS:0000000000000000
ago 11 18:12:43 localhost.localdomain kernel: CS:  0010 DS: 0000 ES: 0000 CR0: 0000000080050033
ago 11 18:12:43 localhost.localdomain kernel: CR2: 00007fec0cfb5200 CR3: 000000010be99000 CR4: 0000000000f50ef0
ago 11 18:12:43 localhost.localdomain kernel: PKRU: 55555554
ago 11 18:12:43 localhost.localdomain kernel: Call Trace:
ago 11 18:12:43 localhost.localdomain kernel:  <TASK>
ago 11 18:12:43 localhost.localdomain kernel:  intel_tc_port_update_mode+0x21a/0x3a0
ago 11 18:12:43 localhost.localdomain kernel:  ? __cancel_work+0x3b/0x100
ago 11 18:12:43 localhost.localdomain kernel:  __intel_tc_port_lock+0xc3/0x130
ago 11 18:12:43 localhost.localdomain kernel:  intel_digital_port_connected+0x2d/0xa0
ago 11 18:12:43 localhost.localdomain kernel:  intel_dp_detect+0x10a/0x900
ago 11 18:12:43 localhost.localdomain kernel:  drm_helper_probe_single_connector_modes+0x425/0x690
ago 11 18:12:43 localhost.localdomain kernel:  drm_client_modeset_probe+0x1eb/0x1ad0
ago 11 18:12:43 localhost.localdomain kernel:  ? __pfx___drm_printfn_info+0x10/0x10
ago 11 18:12:43 localhost.localdomain kernel:  ? drm_modeset_drop_locks+0x3f/0x60
ago 11 18:12:43 localhost.localdomain kernel:  ? drm_client_modeset_commit_atomic+0x1ba/0x240
ago 11 18:12:43 localhost.localdomain kernel:  drm_fb_helper_hotplug_event+0xa7/0xe0
ago 11 18:12:43 localhost.localdomain kernel:  __drm_fb_helper_restore_fbdev_mode_unlocked.part.0+0x6f/0x80
ago 11 18:12:43 localhost.localdomain kernel:  drm_fb_helper_set_par+0x4c/0x60
ago 11 18:12:43 localhost.localdomain kernel:  intel_fbdev_set_par+0x33/0x80
ago 11 18:12:43 localhost.localdomain kernel:  fb_set_var+0x246/0x450
ago 11 18:12:43 localhost.localdomain kernel:  ? update_curr+0x28/0x160
ago 11 18:12:43 localhost.localdomain kernel:  ? pick_eevdf+0x168/0x200
ago 11 18:12:43 localhost.localdomain kernel:  fbcon_blank+0x1ab/0x2c0
ago 11 18:12:43 localhost.localdomain kernel:  do_unblank_screen+0xc0/0x1a0
ago 11 18:12:43 localhost.localdomain kernel:  complete_change_console+0x4f/0x110
ago 11 18:12:43 localhost.localdomain kernel:  vt_ioctl+0xee2/0x1480
ago 11 18:12:43 localhost.localdomain kernel:  tty_ioctl+0xe6/0x8b0
ago 11 18:12:43 localhost.localdomain kernel:  __x64_sys_ioctl+0x91/0xe0
ago 11 18:12:43 localhost.localdomain kernel:  do_syscall_64+0xee/0x590
ago 11 18:12:43 localhost.localdomain kernel:  entry_SYSCALL_64_after_hwframe+0x77/0x7f
ago 11 18:12:43 localhost.localdomain kernel: RIP: 0033:0x7fab6b22c91b
ago 11 18:12:43 localhost.localdomain kernel: Code: 00 48 89 44 24 18 31 c0 48 8d 44 24 60 c7 04 24 10 00 00 00 48 89 44 24 08 48 8d 44 24 20 48 89 44 24 10 b8 10 00 00 00 0f 05 <89> c2 3d 00 f0 ff ff 77 1c 48 8b 44 24 18 64 48 2b 04 25 28 00 00
ago 11 18:12:43 localhost.localdomain kernel: RSP: 002b:00007ffd04c33700 EFLAGS: 00000246 ORIG_RAX: 0000000000000010
ago 11 18:12:43 localhost.localdomain kernel: RAX: ffffffffffffffda RBX: 000000000000000f RCX: 00007fab6b22c91b
ago 11 18:12:43 localhost.localdomain kernel: RDX: 0000000000000001 RSI: 0000000000005605 RDI: 000000000000000f
ago 11 18:12:43 localhost.localdomain kernel: RBP: 0000000000000000 R08: 00007ffd04c336f0 R09: 0000000000000000
ago 11 18:12:43 localhost.localdomain kernel: R10: 0000000000000000 R11: 0000000000000246 R12: 00007ffd04c337e0
ago 11 18:12:43 localhost.localdomain kernel: R13: 00007ffd04c337d8 R14: 000055ce17ca7dc0 R15: 0000000000000006
ago 11 18:12:43 localhost.localdomain kernel:  </TASK>
ago 11 18:12:43 localhost.localdomain kernel: ---[ end trace 0000000000000000 ]---
ago 11 18:12:44 localhost.localdomain kernel: ------------[ cut here ]------------
ago 11 18:12:44 localhost.localdomain kernel: i915 0000:00:02.0: [drm] drm_WARN_ON(val == 0xffffffff)
ago 11 18:12:44 localhost.localdomain kernel: WARNING: drivers/gpu/drm/i915/display/intel_tc.c:315 at get_pin_assignment+0x1a9/0x210, CPU#1: systemd-logind/311
ago 11 18:12:44 localhost.localdomain kernel: Modules linked in: intel_ipu6_isys videobuf2_dma_sg videobuf2_memops videobuf2_v4l2 videobuf2_common iwlmvm mac80211 libarc4 iwlwifi x86_pkg_temp_thermal cfg80211 intel_ipu6 ipu_bridge intel_skl_int3472_tps68470 mfd_core gc8034 gc5035 intel_skl_int3472_discrete v4l2_cci intel_skl_int3472_common regmap_i2c
ago 11 18:12:44 localhost.localdomain kernel: CPU: 1 UID: 0 PID: 311 Comm: systemd-logind Tainted: G S      W           7.2.0-rc7-intelcam-geffb39a5b9a0 #3 PREEMPT(lazy) 
ago 11 18:12:44 localhost.localdomain kernel: Tainted: [S]=CPU_OUT_OF_SPEC, [W]=WARN
ago 11 18:12:44 localhost.localdomain kernel: Hardware name: CHUWI Innovation And Technology(ShenZhen)co.,Ltd Hi10 X1/Default string, BIOS SA10C.N1195.24071902.014 09/20/2024
ago 11 18:12:44 localhost.localdomain kernel: RIP: 0010:get_pin_assignment+0x1b3/0x210
ago 11 18:12:44 localhost.localdomain kernel: Code: 85 ff 74 04 48 8b 7f 08 4c 8b 6f 50 4d 85 ed 74 23 e8 91 9c 0b 00 48 89 c6 48 8d 3d f7 9b 2c 01 48 c7 c1 50 00 25 ae 4c 89 ea <67> 48 0f b9 3a e9 2f ff ff ff 4c 8b 2f eb d8 48 8b 7d 00 48 85 ff
ago 11 18:12:44 localhost.localdomain kernel: RSP: 0018:ffffa6ae802f7690 EFLAGS: 00010286
ago 11 18:12:44 localhost.localdomain kernel: RAX: ffffffffae2e4942 RBX: 00000000ffffffff RCX: ffffffffae250050
ago 11 18:12:44 localhost.localdomain kernel: RDX: ffffa40141327280 RSI: ffffffffae2e4942 RDI: ffffffffae6d4ee0
ago 11 18:12:44 localhost.localdomain kernel: RBP: ffffa40141072000 R08: 0000000000000000 R09: 0000000000000001
ago 11 18:12:44 localhost.localdomain kernel: R10: 00000030d46079e6 R11: 0000000000000016 R12: ffffa40140fa1200
ago 11 18:12:44 localhost.localdomain kernel: R13: ffffa40141327280 R14: 000000000000000f R15: 000000000000000f
ago 11 18:12:44 localhost.localdomain kernel: FS:  00007fab6a670a00(0000) GS:ffffa40308b51000(0000) knlGS:0000000000000000
ago 11 18:12:44 localhost.localdomain kernel: CS:  0010 DS: 0000 ES: 0000 CR0: 0000000080050033
ago 11 18:12:44 localhost.localdomain kernel: CR2: 00007f0622bee100 CR3: 000000010be99000 CR4: 0000000000f50ef0
ago 11 18:12:44 localhost.localdomain kernel: PKRU: 55555554
ago 11 18:12:44 localhost.localdomain kernel: Call Trace:
ago 11 18:12:44 localhost.localdomain kernel:  <TASK>
ago 11 18:12:44 localhost.localdomain kernel:  read_pin_configuration+0xe/0x200
ago 11 18:12:44 localhost.localdomain kernel:  adlp_tc_phy_connect+0x155/0x1e0
ago 11 18:12:44 localhost.localdomain kernel:  intel_tc_port_update_mode+0x21a/0x3a0
ago 11 18:12:44 localhost.localdomain kernel:  ? __cancel_work+0x3b/0x100
ago 11 18:12:44 localhost.localdomain kernel:  __intel_tc_port_lock+0xc3/0x130
ago 11 18:12:44 localhost.localdomain kernel:  intel_digital_port_connected+0x2d/0xa0
ago 11 18:12:44 localhost.localdomain kernel:  intel_dp_detect+0x10a/0x900
ago 11 18:12:44 localhost.localdomain kernel:  drm_helper_probe_single_connector_modes+0x425/0x690
ago 11 18:12:44 localhost.localdomain kernel:  drm_client_modeset_probe+0x1eb/0x1ad0
ago 11 18:12:44 localhost.localdomain kernel:  ? __pfx___drm_printfn_info+0x10/0x10
ago 11 18:12:44 localhost.localdomain kernel:  ? drm_modeset_drop_locks+0x3f/0x60
ago 11 18:12:44 localhost.localdomain kernel:  ? drm_client_modeset_commit_atomic+0x1ba/0x240
ago 11 18:12:44 localhost.localdomain kernel:  drm_fb_helper_hotplug_event+0xa7/0xe0
ago 11 18:12:44 localhost.localdomain kernel:  __drm_fb_helper_restore_fbdev_mode_unlocked.part.0+0x6f/0x80
ago 11 18:12:44 localhost.localdomain kernel:  drm_fb_helper_set_par+0x4c/0x60
ago 11 18:12:44 localhost.localdomain kernel:  intel_fbdev_set_par+0x33/0x80
ago 11 18:12:44 localhost.localdomain kernel:  fb_set_var+0x246/0x450
ago 11 18:12:44 localhost.localdomain kernel:  ? update_curr+0x28/0x160
ago 11 18:12:44 localhost.localdomain kernel:  ? pick_eevdf+0x168/0x200
ago 11 18:12:44 localhost.localdomain kernel:  fbcon_blank+0x1ab/0x2c0
ago 11 18:12:44 localhost.localdomain kernel:  do_unblank_screen+0xc0/0x1a0
ago 11 18:12:44 localhost.localdomain kernel:  complete_change_console+0x4f/0x110
ago 11 18:12:44 localhost.localdomain kernel:  vt_ioctl+0xee2/0x1480
ago 11 18:12:44 localhost.localdomain kernel:  tty_ioctl+0xe6/0x8b0
ago 11 18:12:44 localhost.localdomain kernel:  __x64_sys_ioctl+0x91/0xe0
ago 11 18:12:44 localhost.localdomain kernel:  do_syscall_64+0xee/0x590
ago 11 18:12:44 localhost.localdomain kernel:  entry_SYSCALL_64_after_hwframe+0x77/0x7f
ago 11 18:12:44 localhost.localdomain kernel: RIP: 0033:0x7fab6b22c91b
ago 11 18:12:44 localhost.localdomain kernel: Code: 00 48 89 44 24 18 31 c0 48 8d 44 24 60 c7 04 24 10 00 00 00 48 89 44 24 08 48 8d 44 24 20 48 89 44 24 10 b8 10 00 00 00 0f 05 <89> c2 3d 00 f0 ff ff 77 1c 48 8b 44 24 18 64 48 2b 04 25 28 00 00
ago 11 18:12:44 localhost.localdomain kernel: RSP: 002b:00007ffd04c33700 EFLAGS: 00000246 ORIG_RAX: 0000000000000010
ago 11 18:12:44 localhost.localdomain kernel: RAX: ffffffffffffffda RBX: 000000000000000f RCX: 00007fab6b22c91b
ago 11 18:12:44 localhost.localdomain kernel: RDX: 0000000000000001 RSI: 0000000000005605 RDI: 000000000000000f
ago 11 18:12:44 localhost.localdomain kernel: RBP: 0000000000000000 R08: 00007ffd04c336f0 R09: 0000000000000000
ago 11 18:12:44 localhost.localdomain kernel: R10: 0000000000000000 R11: 0000000000000246 R12: 00007ffd04c337e0
ago 11 18:12:44 localhost.localdomain kernel: R13: 00007ffd04c337d8 R14: 000055ce17ca7dc0 R15: 0000000000000006
ago 11 18:12:44 localhost.localdomain kernel:  </TASK>
ago 11 18:12:44 localhost.localdomain kernel: ---[ end trace 0000000000000000 ]---
ago 11 18:12:44 localhost.localdomain kernel: ------------[ cut here ]------------
ago 11 18:12:44 localhost.localdomain kernel: Missing case (pin_assignment == 15)
ago 11 18:12:44 localhost.localdomain kernel: WARNING: drivers/gpu/drm/i915/display/intel_tc.c:332 at get_pin_assignment+0x153/0x210, CPU#1: systemd-logind/311
ago 11 18:12:44 localhost.localdomain kernel: Modules linked in: intel_ipu6_isys videobuf2_dma_sg videobuf2_memops videobuf2_v4l2 videobuf2_common iwlmvm mac80211 libarc4 iwlwifi x86_pkg_temp_thermal cfg80211 intel_ipu6 ipu_bridge intel_skl_int3472_tps68470 mfd_core gc8034 gc5035 intel_skl_int3472_discrete v4l2_cci intel_skl_int3472_common regmap_i2c
ago 11 18:12:44 localhost.localdomain kernel: CPU: 1 UID: 0 PID: 311 Comm: systemd-logind Tainted: G S      W           7.2.0-rc7-intelcam-geffb39a5b9a0 #3 PREEMPT(lazy) 
ago 11 18:12:44 localhost.localdomain kernel: Tainted: [S]=CPU_OUT_OF_SPEC, [W]=WARN
ago 11 18:12:44 localhost.localdomain kernel: Hardware name: CHUWI Innovation And Technology(ShenZhen)co.,Ltd Hi10 X1/Default string, BIOS SA10C.N1195.24071902.014 09/20/2024
ago 11 18:12:44 localhost.localdomain kernel: RIP: 0010:get_pin_assignment+0x15c/0x210
ago 11 18:12:44 localhost.localdomain kernel: Code: 00 15 16 00 41 be 00 00 00 1e 41 bf 00 00 00 1e e9 3d ff ff ff 83 fb 06 74 c3 48 8d 3d 3d 9c 2c 01 48 c7 c6 23 0b 2e ae 89 da <67> 48 0f b9 3a 89 d8 5b 5d 41 5c 41 5d 41 5e 41 5f c3 cc cc cc cc
ago 11 18:12:44 localhost.localdomain kernel: RSP: 0018:ffffa6ae802f7690 EFLAGS: 00010206
ago 11 18:12:44 localhost.localdomain kernel: RAX: 0000000000000001 RBX: 000000000000000f RCX: 0000000000000000
ago 11 18:12:44 localhost.localdomain kernel: RDX: 000000000000000f RSI: ffffffffae2e0b23 RDI: ffffffffae6d4ed0
ago 11 18:12:44 localhost.localdomain kernel: RBP: ffffa40141072000 R08: 0000000000000000 R09: 0000000000000001
ago 11 18:12:44 localhost.localdomain kernel: R10: 00000030d46079e6 R11: 0000000000000016 R12: ffffa40140fa1200
ago 11 18:12:44 localhost.localdomain kernel: R13: ffffa40141327280 R14: 000000000000000f R15: 000000000000000f
ago 11 18:12:44 localhost.localdomain kernel: FS:  00007fab6a670a00(0000) GS:ffffa40308b51000(0000) knlGS:0000000000000000
ago 11 18:12:44 localhost.localdomain kernel: CS:  0010 DS: 0000 ES: 0000 CR0: 0000000080050033
ago 11 18:12:44 localhost.localdomain kernel: CR2: 00007f0622bee100 CR3: 000000010be99000 CR4: 0000000000f50ef0
ago 11 18:12:44 localhost.localdomain kernel: PKRU: 55555554
ago 11 18:12:44 localhost.localdomain kernel: Call Trace:
ago 11 18:12:44 localhost.localdomain kernel:  <TASK>
ago 11 18:12:44 localhost.localdomain kernel:  read_pin_configuration+0xe/0x200
ago 11 18:12:44 localhost.localdomain kernel:  adlp_tc_phy_connect+0x155/0x1e0
ago 11 18:12:44 localhost.localdomain kernel:  intel_tc_port_update_mode+0x21a/0x3a0
ago 11 18:12:44 localhost.localdomain kernel:  ? __cancel_work+0x3b/0x100
ago 11 18:12:44 localhost.localdomain kernel:  __intel_tc_port_lock+0xc3/0x130
ago 11 18:12:44 localhost.localdomain kernel:  intel_digital_port_connected+0x2d/0xa0
ago 11 18:12:44 localhost.localdomain kernel:  intel_dp_detect+0x10a/0x900
ago 11 18:12:44 localhost.localdomain kernel:  drm_helper_probe_single_connector_modes+0x425/0x690
ago 11 18:12:44 localhost.localdomain kernel:  drm_client_modeset_probe+0x1eb/0x1ad0
ago 11 18:12:44 localhost.localdomain kernel:  ? __pfx___drm_printfn_info+0x10/0x10
ago 11 18:12:44 localhost.localdomain kernel:  ? drm_modeset_drop_locks+0x3f/0x60
ago 11 18:12:44 localhost.localdomain kernel:  ? drm_client_modeset_commit_atomic+0x1ba/0x240
ago 11 18:12:44 localhost.localdomain kernel:  drm_fb_helper_hotplug_event+0xa7/0xe0
ago 11 18:12:44 localhost.localdomain kernel:  __drm_fb_helper_restore_fbdev_mode_unlocked.part.0+0x6f/0x80
ago 11 18:12:44 localhost.localdomain kernel:  drm_fb_helper_set_par+0x4c/0x60
ago 11 18:12:44 localhost.localdomain kernel:  intel_fbdev_set_par+0x33/0x80
ago 11 18:12:44 localhost.localdomain kernel:  fb_set_var+0x246/0x450
ago 11 18:12:44 localhost.localdomain kernel:  ? update_curr+0x28/0x160
ago 11 18:12:44 localhost.localdomain kernel:  ? pick_eevdf+0x168/0x200
ago 11 18:12:44 localhost.localdomain kernel:  fbcon_blank+0x1ab/0x2c0
ago 11 18:12:44 localhost.localdomain kernel:  do_unblank_screen+0xc0/0x1a0
ago 11 18:12:44 localhost.localdomain kernel:  complete_change_console+0x4f/0x110
ago 11 18:12:44 localhost.localdomain kernel:  vt_ioctl+0xee2/0x1480
ago 11 18:12:44 localhost.localdomain kernel:  tty_ioctl+0xe6/0x8b0
ago 11 18:12:44 localhost.localdomain kernel:  __x64_sys_ioctl+0x91/0xe0
ago 11 18:12:44 localhost.localdomain kernel:  do_syscall_64+0xee/0x590
ago 11 18:12:44 localhost.localdomain kernel:  entry_SYSCALL_64_after_hwframe+0x77/0x7f
ago 11 18:12:44 localhost.localdomain kernel: RIP: 0033:0x7fab6b22c91b
ago 11 18:12:44 localhost.localdomain kernel: Code: 00 48 89 44 24 18 31 c0 48 8d 44 24 60 c7 04 24 10 00 00 00 48 89 44 24 08 48 8d 44 24 20 48 89 44 24 10 b8 10 00 00 00 0f 05 <89> c2 3d 00 f0 ff ff 77 1c 48 8b 44 24 18 64 48 2b 04 25 28 00 00
ago 11 18:12:44 localhost.localdomain kernel: RSP: 002b:00007ffd04c33700 EFLAGS: 00000246 ORIG_RAX: 0000000000000010
ago 11 18:12:44 localhost.localdomain kernel: RAX: ffffffffffffffda RBX: 000000000000000f RCX: 00007fab6b22c91b
ago 11 18:12:44 localhost.localdomain kernel: RDX: 0000000000000001 RSI: 0000000000005605 RDI: 000000000000000f
ago 11 18:12:44 localhost.localdomain kernel: RBP: 0000000000000000 R08: 00007ffd04c336f0 R09: 0000000000000000
ago 11 18:12:44 localhost.localdomain kernel: R10: 0000000000000000 R11: 0000000000000246 R12: 00007ffd04c337e0
ago 11 18:12:44 localhost.localdomain kernel: R13: 00007ffd04c337d8 R14: 000055ce17ca7dc0 R15: 0000000000000006
ago 11 18:12:44 localhost.localdomain kernel:  </TASK>
ago 11 18:12:44 localhost.localdomain kernel: ---[ end trace 0000000000000000 ]---
ago 11 18:12:45 localhost.localdomain kernel: usb 1-3: USB disconnect, device number 23
ago 11 18:12:49 localhost.localdomain kernel: systemd-logind (311) used greatest stack depth: 11432 bytes left
ago 11 18:12:49 localhost.localdomain kernel: wlo1: deauthenticating from MAC2:XX:XX:XX:XX:XX by local choice (Reason: 3=DEAUTH_LEAVING)
ago 11 18:12:49 localhost.localdomain systemd-shutdown[1]: Syncing filesystems and block devices.
ago 11 18:12:49 localhost.localdomain systemd-shutdown[1]: Sending SIGTERM to remaining processes...
ago 11 18:12:49 localhost.localdomain systemd-journald[119]: Received SIGTERM from PID 1 (systemd-shutdow).
